rating,rating_raw,date,content
5,"â˜…â˜…â˜…â˜…â˜…","2026-01-18","â˜…â˜…â˜…â˜…â˜… Watched by kindabyss 18 Jan 2026 Literalmente una obra maestra No likes yet"
4.5,"â˜…â˜…â˜…â˜…Â½","2026-01-18","â˜…â˜…â˜…â˜…Â½ Watched by Javi_ct 18 Jan 2026 SUBLIME No likes yet"
4,"â˜…â˜…â˜…â˜…","2026-01-18","â˜…â˜…â˜…â˜… Watched by Thais Rodrigues 18 Jan 2026 Nunca pensei que fosse shippar uma raposa e uma coelha, mas aqui estamos. No likes yet"
4,"â˜…â˜…â˜…â˜…","2026-01-18","â˜…â˜…â˜…â˜… Rewatched by maricota 18 Jan 2026 filme foda gosto mto No likes yet"
5,"â˜…â˜…â˜…â˜…â˜…","2026-01-18","â˜…â˜…â˜…â˜…â˜… Rewatched by toriksy 18 Jan 2026 meu filme favorito ever , td nele Ã© incrÃ­vel No likes yet"
4.5,"â˜…â˜…â˜…â˜…Â½","2026-01-14","â˜…â˜…â˜…â˜…Â½ Rewatched by molly_ainsworth 14 Jan 2026 Its a great film and nobody can convince me otherwise No likes yet"
3,"â˜…â˜…â˜…","2026-01-18","â˜…â˜…â˜… Watched by swanqufu 18 Jan 2026 Movie made by furries No likes yet"
4,"â˜…â˜…â˜…â˜…","2026-01-18","â˜…â˜…â˜…â˜… Watched by nikkigirl 18 Jan 2026 You come to me on the day I finally watch zootopia ?? No likes yet"
4.5,"â˜…â˜…â˜…â˜…Â½","2026-01-18","â˜…â˜…â˜…â˜…Â½ Rewatched by eric ğŸ“ 18 Jan 2026 itâ€™s a rewatch zootopia kind of day 4 likes"
3.5,"â˜…â˜…â˜…Â½","2026-01-18","â˜…â˜…â˜…Â½ Watched by george 18 Jan 2026 Animal racists No likes yet"
3.5,"â˜…â˜…â˜…Â½","2026-01-18","â˜…â˜…â˜…Â½ Watched by Lucas LeÃ£o 18 Jan 2026 Zootopia Ã© uma animaÃ§Ã£o legal e funciona muito bem dentro do que se propÃµe. NÃ£o Ã© um filme grandioso, mas Ã© divertido e envolvente. A trama cria um mistÃ©rio interessante e te instiga a querer saber o que vai acontecer, os personagens principais sÃ£o realmente cativantes, e a relaÃ§Ã£o entre a Judy e o Nick funciona muito bem, sendo o coraÃ§Ã£o do filme. Ã‰ um filme que funciona perfeitamente para crianÃ§as, mas tambÃ©m passa uma mensagem bacana sobre preconceito e convivÃªncia, sem ser pesado ou pretensioso. No likes yet"
4,"â˜…â˜…â˜…â˜…","2018-02-11","â˜…â˜…â˜…â˜… Watched by jenny_jlk 11 Feb 2018 Smart, funny, and visually vibrant â€” a thoughtful and entertaining animated adventure. â˜…â˜…â˜…â˜…â˜† No likes yet"
4,"â˜…â˜…â˜…â˜…","2018-02-11","â˜…â˜…â˜…â˜… Watched by jenny_jlk 11 Feb 2018 Smart, funny, and visually vibrant â€” a thoughtful and entertaining animated adventure. â˜…â˜…â˜…â˜…â˜† No likes yet"
4,"â˜…â˜…â˜…â˜…","2026-01-18","â˜…â˜…â˜…â˜… Watched by Jony 18 Jan 2026 PeliculÃ³n, primera vez que la veo ahora que ha salido la segunda. AnimaciÃ³n muy buena, dinÃ¡mica y entretenida. En EspaÃ±a nombres muy top, Brutus Mascarponeâ€¦ MVP!, referencias al top manta, Breaking Bad.  Con ganas de ver la segunda. No likes yet"
3,"â˜…â˜…â˜…","2026-01-18","â˜…â˜…â˜… Watched by mmathilde12 18 Jan 2026 3â­ï¸ No likes yet"
5,"â˜…â˜…â˜…â˜…â˜…","2026-01-18","â˜…â˜…â˜…â˜…â˜… Watched by Mavih 18 Jan 2026 smp tive um crush nessa raposaâ€¦ No likes yet"
4.5,"â˜…â˜…â˜…â˜…Â½","2026-01-18","â˜…â˜…â˜…â˜…Â½ Watched by zeehchan 18 Jan 2026 raposa quente No likes yet"
3.5,"â˜…â˜…â˜…Â½","2026-01-18","â˜…â˜…â˜…Â½ Watched by Alemack 18 Jan 2026 ""FOI UM DESRESPEITO COMIGO, UM DESRESPEITO COM A MINHA NONA"" No likes yet"
3,"â˜…â˜…â˜…","2026-01-18","â˜…â˜…â˜… Watched by mariiasb96 18 Jan 2026 la vida real es compleja, sÃ­, Judy No likes yet"
3.5,"â˜…â˜…â˜…Â½","2026-01-18","â˜…â˜…â˜…Â½ Watched by Milky 18 Jan 2026 Great movie for kids. No likes yet"
4,"â˜…â˜…â˜…â˜…","2026-01-18","â˜…â˜…â˜…â˜… Watched by Robbie Lagunes 18 Jan 2026 Ja No likes yet"
3.5,"â˜…â˜…â˜…Â½","2026-01-18","â˜…â˜…â˜…Â½ Watched by its_chzo3 18 Jan 2026 DINGUERIE !! No likes yet"
3,"â˜…â˜…â˜…","2026-01-17","â˜…â˜…â˜… Watched by Kira 17 Jan 2026 I think this was even a bit too childish for me but I respect your work PC Hops No likes yet"
4.5,"â˜…â˜…â˜…â˜…Â½","2026-01-18","â˜…â˜…â˜…â˜…Â½ Watched by andrea 18 Jan 2026 la cantidad de referencias que tiene esta peli es increÃ­ble, dios que peliculÃ³n No likes yet"
4,"â˜…â˜…â˜…â˜…","2026-01-18","â˜…â˜…â˜…â˜… Watched by Set 18 Jan 2026 rubah pintar kelinci bodoh No likes yet"
4.5,"â˜…â˜…â˜…â˜…Â½","2026-01-18","â˜…â˜…â˜…â˜…Â½ Watched by rainbo2dash 18 Jan 2026 great movie some scenes were cringe but ok No likes yet"
4.5,"â˜…â˜…â˜…â˜…Â½","2026-01-18","â˜…â˜…â˜…â˜…Â½ Watched by benkb11 18 Jan 2026 Dessin animÃ© trÃ¨s rÃ©ussi No likes yet"
5,"â˜…â˜…â˜…â˜…â˜…","2026-01-18","â˜…â˜…â˜…â˜…â˜… Watched by colazero 18 Jan 2026 NÄ°CK WÄ°LDE THE MAN YOU ARE No likes yet"
3,"â˜…â˜…â˜…","2026-01-18","â˜…â˜…â˜… Rewatched by GloomyWooomy 18 Jan 2026 why did judy randomly turn racist No likes yet"
4,"â˜…â˜…â˜…â˜…","2026-01-18","â˜…â˜…â˜…â˜… Rewatched by norahismclovin 18 Jan 2026 of course they just had to cast jason bateman as nick No likes yet"
,"","2026-01-18","Watched by angÃ¨le 18 Jan 2026 Â« est ce quâ€™elle se compte elle mÃªme pour dormir ??ğŸ‘ğŸğŸ‘ğŸğŸ‘ğŸğŸ‘ğŸğŸ‘ğŸ Â» 1 like"
3.5,"â˜…â˜…â˜…Â½","2026-01-18","â˜…â˜…â˜…Â½ Watched by aysu 18 Jan 2026 sardi ya No likes yet"
5,"â˜…â˜…â˜…â˜…â˜…","2026-01-18","â˜…â˜…â˜…â˜…â˜… Watched by hudson 18 Jan 2026 the animal prison reminds me of a way out No likes yet"
4,"â˜…â˜…â˜…â˜…","2026-01-18","â˜…â˜…â˜…â˜… Watched by aattlauraa 18 Jan 2026 Bem Fixe. No likes yet"
3,"â˜…â˜…â˜…","2026-01-18","â˜…â˜…â˜… Watched by ramanauc 18 Jan 2026 masa lu pada kalah sm hewan, no offense ğŸ¥° No likes yet"
4,"â˜…â˜…â˜…â˜…","2026-01-18","â˜…â˜…â˜…â˜… Watched by Pepo 18 Jan 2026 w demais o show da shakira No likes yet"
5,"â˜…â˜…â˜…â˜…â˜…","2026-01-18","â˜…â˜…â˜…â˜…â˜… Rewatched by yangcailinn 18 Jan 2026 i watched zootopia for the first time in summer 2025 and what can i say, the plot twist had my jaw dropped and boy oh boy never would i have thought catching myself liking this movie a LITTLEE bit too much, the way disney managed to make everyone fall for both judy hopps and nick wilde is so crazy, male gaze, female gaze, kids, adults THEY GOT EM ALL. top 10 disney movies oat No likes yet"
4,"â˜…â˜…â˜…â˜…","2026-01-18","â˜…â˜…â˜…â˜… Watched by Vaughn 18 Jan 2026 Never review this but I really love this movie ğŸ™ No likes yet"
5,"â˜…â˜…â˜…â˜…â˜…","2026-01-18T16:24:02.143Z","â˜…â˜…â˜…â˜…â˜… Added by ssash ğŸª· 19 Jan 2026 i honestly forgot the first watch date but i rewatched it some day in december 25 No likes yet"
5,"â˜…â˜…â˜…â˜…â˜…","2026-01-18","â˜…â˜…â˜…â˜…â˜… Watched by â™± 18 Jan 2026 the sort of movie you need to watch atleast once in your lifetime No likes yet"
4,"â˜…â˜…â˜…â˜…","2026-01-18","â˜…â˜…â˜…â˜… Watched by Wiggycat 18 Jan 2026 nick wilde No likes yet"
3,"â˜…â˜…â˜…","2026-01-18","â˜…â˜…â˜… Watched by es4jeii 18 Jan 2026 TatlÄ±ÅŸ bi animasyon sÄ±kÄ±ntÄ±dan izlemiÅŸtim iyi gitti 1 like"
3.5,"â˜…â˜…â˜…Â½","2025-05-14","â˜…â˜…â˜…Â½ Watched by rom_dtrn 14 May 2025 pas au niveau de cars mais sans doute mon deuxiÃ¨me films dâ€™animation prÃ©f No likes yet"
4.5,"â˜…â˜…â˜…â˜…Â½","2026-01-18","â˜…â˜…â˜…â˜…Â½ Watched by zedricks 18 Jan 2026 O enredo Ã© bem divertido. Show de bola. No likes yet"
3.5,"â˜…â˜…â˜…Â½","2026-01-18","â˜…â˜…â˜…Â½ Watched by hannelie 18 Jan 2026 It's scary because it's new, not cause you're incapable ğŸ¥¹â¤ï¸â€ğŸ©¹ No likes yet"
4,"â˜…â˜…â˜…â˜…","2026-01-18","â˜…â˜…â˜…â˜… Watched by macaclara 18 Jan 2026 Gente sou fÃ£ desse filme, o plot Ã© surreal No likes yet"
3.5,"â˜…â˜…â˜…Â½","2026-01-18","â˜…â˜…â˜…Â½ Watched by CDUPLOMB 18 Jan 2026 Je savais pas que les renards Ã©taient si drÃ´le 1 like"
4,"â˜…â˜…â˜…â˜…","2026-01-18","â˜…â˜…â˜…â˜… Watched by emptypinata 18 Jan 2026 my daughter watches all these movies before i do hahah probably one of the best animated movies of recent years. Iâ€™m pretty sure i laughed out loud a time or two No likes yet"
4,"â˜…â˜…â˜…â˜…","2026-01-17","â˜…â˜…â˜…â˜… Watched by Malinveek 17 Jan 2026 ğŸ™ğŸš…ğŸ°ğŸ‘®ğŸ¼â€â™€ï¸ğŸš“ğŸ«ğŸ¦ºğŸ¥•ğŸ­ğŸ’¸ğŸ¦ŠğŸ¦âš–ï¸ğŸ‘ğŸ’»ğŸ¦¥ğŸ­ğŸ»â€â„ï¸â„ï¸ğŸ¯ğŸ«ğŸ”« No likes yet"
4.5,"â˜…â˜…â˜…â˜…Â½","2026-01-18","â˜…â˜…â˜…â˜…Â½ Watched by slwaes 18 Jan 2026 OKEH BGT judy hops loe my panutan gweh rispek tckk ğŸ¤ğŸ» No likes yet"
4,"â˜…â˜…â˜…â˜…","2026-01-18","â˜…â˜…â˜…â˜… Watched by mxrrcr 18 Jan 2026 ACAB (All cops are Bunnies) 1 like"
5,"â˜…â˜…â˜…â˜…â˜…","2026-01-18","â˜…â˜…â˜…â˜…â˜… Watched by maluuizasf 18 Jan 2026 legal No likes yet"
5,"â˜…â˜…â˜…â˜…â˜…","2026-01-18","â˜…â˜…â˜…â˜…â˜… Watched by nuerewa 18 Jan 2026 à¸–à¹‰à¸²à¹€à¸›à¹‡à¸™à¸­à¸²à¸«à¸²à¸£à¸„à¸‡à¹€à¸›à¹‡à¸™à¸ªà¹‰à¸¡à¸•à¸³ No likes yet"
4,"â˜…â˜…â˜…â˜…","2026-01-17","â˜…â˜…â˜…â˜… Watched by eliset1495 17 Jan 2026 Feel good, overcome challenges and follow your dreams even if nobody believes in you, follow your heart. Parallels with the godfather with Mr. Big and breaking bad with the night howler lab. No likes yet"
3.5,"â˜…â˜…â˜…Â½","2026-01-18","â˜…â˜…â˜…Â½ Rewatched by aycie_watched 18 Jan 2026 try everything?? 1 like"
5,"â˜…â˜…â˜…â˜…â˜…","2026-01-18","â˜…â˜…â˜…â˜…â˜… Rewatched by abs 18 Jan 2026 best disney film to ever exist No likes yet"
3.5,"â˜…â˜…â˜…Â½","2026-01-18","â˜…â˜…â˜…Â½ Watched by SuperKp 18 Jan 2026 Y la tremenda apariciÃ³n estelar que se marcan Walter White y Jesse Pinkman como carneros en el momento Ã¡lgido de la pelÃ­cula me la explica alguien?? No likes yet"
2.5,"â˜…â˜…Â½","2026-01-18","â˜…â˜…Â½ Watched by Luna âœ¨ğŸŒ™ğŸ³ï¸â€âš§ï¸ 18 Jan 2026 acab inclou a aquests dos No likes yet"
3.5,"â˜…â˜…â˜…Â½","2026-01-18","â˜…â˜…â˜…Â½ Watched by Jordan 18 Jan 2026 This is pretty great. Still cop propaganda though. Points dinged. No likes yet"
5,"â˜…â˜…â˜…â˜…â˜…","2026-01-18","â˜…â˜…â˜…â˜…â˜… Watched by scarlettakes 18 Jan 2026 mantap banget ege No likes yet"
5,"â˜…â˜…â˜…â˜…â˜…","2026-01-18","â˜…â˜…â˜…â˜…â˜… Watched by ystozier 18 Jan 2026 que raposa deliciosa No likes yet"
5,"â˜…â˜…â˜…â˜…â˜…","2026-01-18","â˜…â˜…â˜…â˜…â˜… Watched by wawachu 18 Jan 2026 Domba plot twist No likes yet"
4.5,"â˜…â˜…â˜…â˜…Â½","2026-01-16","â˜…â˜…â˜…â˜…Â½ Watched by Joel_YD 16 Jan 2026 PeliculÃ³n si em preguntes No likes yet"
4,"â˜…â˜…â˜…â˜…","2026-01-18","â˜…â˜…â˜…â˜… Rewatched by esljensen 18 Jan 2026 THE GODFATHER SCENE No likes yet"
3.5,"â˜…â˜…â˜…Â½","2026-01-14","â˜…â˜…â˜…Â½ Watched by thiagobbraga 14 Jan 2026 Zootopia Ã© uma animaÃ§Ã£o esperta, com personagens carismÃ¡ticos. A dupla inusitada da coelha e a raposa Ã© um acerto e todo o roteiro segue elementos a cartilha clÃ¡ssica: a heroÃ­na retilÃ­nea, o parceiro antagÃ´nico, a superaÃ§Ã£o, as reviravoltasâ€¦. Tudo ali, tudo bem colocado, tudo redondinho. NÃ£o Ã© um filme impactante ou emocionante; mas Ã© um Ã³timo passatempo. No likes yet"
5,"â˜…â˜…â˜…â˜…â˜…","2026-01-18","â˜…â˜…â˜…â˜…â˜… Rewatched by candy331 18 Jan 2026 I love Nick and Judy so much, such a hilarious feel good movie with an amazing lesson! No likes yet"
4.5,"â˜…â˜…â˜…â˜…Â½","2026-01-18","â˜…â˜…â˜…â˜…Â½ Watched by veyll 18 Jan 2026 Ã‡ocuklara umut satÄ±yor gibi yapÄ±p, yetiÅŸkinlere ayna tutuyor. AsÄ±l sorun kim olduÄŸumuz deÄŸil, bizi neye indirgedikleri. Ve bizde buna kanÄ±yoruz aslÄ±nda her ÅŸey Ã§ok belli ama gerÃ§ek buymuÅŸ gibi gÃ¶sterilir No likes yet"
5,"â˜…â˜…â˜…â˜…â˜…","2026-01-17","â˜…â˜…â˜…â˜…â˜… Rewatched by emily 17 Jan 2026 absolute cinema. No likes yet"
5,"â˜…â˜…â˜…â˜…â˜…","2026-01-18","â˜…â˜…â˜…â˜…â˜… Rewatched by Ivy 18 Jan 2026 evie couldnt take her eyes off the damn fox No likes yet"
5,"â˜…â˜…â˜…â˜…â˜…","2026-01-18","â˜…â˜…â˜…â˜…â˜… Watched by ebrar_6761 18 Jan 2026 asiri nostaljik No likes yet"
4.5,"â˜…â˜…â˜…â˜…Â½","2025-11-19","â˜…â˜…â˜…â˜…Â½ Rewatched by MarkoDj 19 Nov 2025 Briliant Zootopia with wonderful animation and story that resembling with the human society, innequality, prejustice, rasizm. Always happy to go back to this film and specially the slot scene. No likes yet"
4.5,"â˜…â˜…â˜…â˜…Â½","2026-01-17","â˜…â˜…â˜…â˜…Â½ Watched by gio_b 17 Jan 2026 GRANDE FILME, a coelhinha judy me ensinou muita coisa kkkkkkkkk No likes yet"
4,"â˜…â˜…â˜…â˜…","2026-01-18","â˜…â˜…â˜…â˜… Rewatched by angela 18 Jan 2026 optimistic lang talaga ako on a facade pero pag inaanalyze ko sarili ko mas di talaga mas pessimist nga ako e kaya sobrang believer talaga ako niyang we cant be everything we want to be kasi nga di naman lahat magaling ??? hahaha eme pero ano edi ayun di naman nga lahat privilege at nabibigyan ng equal opportunities sobrang malas lang na ganon siguro ako kaya ala akong choice sa buhay kundi magpakahopecore na yes i can be anything andâ€¦ more No likes yet"
3.5,"â˜…â˜…â˜…Â½","2026-01-17","â˜…â˜…â˜…Â½ Rewatched by coffee_cass 17 Jan 2026 My main comment is just that I love Jason Bateman in a good role. No likes yet"
3.5,"â˜…â˜…â˜…Â½","2025-12-25","â˜…â˜…â˜…Â½ Rewatched by Cassidy 25 Dec 2025 My Dad's family's choice of christmas film No likes yet"
,"","2026-01-18","Watched by ana 18 Jan 2026 esperava muito mais do que me foi entregue No likes yet"
4,"â˜…â˜…â˜…â˜…","2026-01-18","â˜…â˜…â˜…â˜… Watched by stephanie240 18 Jan 2026 *tears in my eyes* I get it now 2 likes"
4.5,"â˜…â˜…â˜…â˜…Â½","2026-01-18","â˜…â˜…â˜…â˜…Â½ Watched by gwiz 18 Jan 2026 nick wilde knew exactly what he was doing ğŸ‘… No likes yet"
5,"â˜…â˜…â˜…â˜…â˜…","2026-01-18","â˜…â˜…â˜…â˜…â˜… Watched by cansu 18 Jan 2026 en mukemmel animasyon filmidir aksini diyen olamaz :) No likes yet"
4.5,"â˜…â˜…â˜…â˜…Â½","2026-01-18","â˜…â˜…â˜…â˜…Â½ Watched by anton 18 Jan 2026 the godfather scene and flash give me life 1 like"
5,"â˜…â˜…â˜…â˜…â˜…","2026-01-18","â˜…â˜…â˜…â˜…â˜… Watched by AliakaAli 18 Jan 2026 Hear me out.. No likes yet"
5,"â˜…â˜…â˜…â˜…â˜…","2018-01-11","â˜…â˜…â˜…â˜…â˜… Rewatched by Fath Diant 11 Jan 2018 ts peak â¤ï¸â€ğŸ©¹ (i forgot the date again) No likes yet"
2.5,"â˜…â˜…Â½","2026-01-18","â˜…â˜…Â½ Watched by JaninaOk 18 Jan 2026 spoko ale animacja zostawia troszke do zyczenia, Postac nicka jest rozwinieta bardzo i jak najabrdziej mi to odpowiada No likes yet"
4,"â˜…â˜…â˜…â˜…","2026-01-18","â˜…â˜…â˜…â˜… Rewatched by leiruuu 18 Jan 2026 que sean policÃ­as le quita estrellas No likes yet"
,"","2026-01-18T14:07:10.165Z","Added by ninji 18 Jan 2026 i actually didnt watch this again i just want to say that the translation from chinese for zootopia is super beast metropolis okay thanjks you can leave now No likes yet"
5,"â˜…â˜…â˜…â˜…â˜…","2026-01-18","â˜…â˜…â˜…â˜…â˜… Watched by narayyi 18 Jan 2026 rubah dan kelinci digabung jadiâ€¦? No likes yet"
3,"â˜…â˜…â˜…","2026-01-18","â˜…â˜…â˜… Watched by eviejr12 18 Jan 2026 overrated but fire No likes yet"
4,"â˜…â˜…â˜…â˜…","2026-01-18","â˜…â˜…â˜…â˜… Watched by Chantel Hiden-Livingstone 18 Jan 2026 i love childrenâ€™s films with real issues at the heart !!! No likes yet"
3.5,"â˜…â˜…â˜…Â½","2026-01-18","â˜…â˜…â˜…Â½ Watched by luna 18 Jan 2026 che comunque Ã¨ un film simpatico. (voglio nick wilde) No likes yet"
4,"â˜…â˜…â˜…â˜…","2026-01-18","â˜…â˜…â˜…â˜… Watched by nicolestvdiary 18 Jan 2026 I loved The Godfather reference ğŸ¥² No likes yet"
3,"â˜…â˜…â˜…","2026-01-18","â˜…â˜…â˜… Watched by axelle_mno 18 Jan 2026 Trop bien, trop drÃ´le, des belles refs jâ€™adore No likes yet"
4,"â˜…â˜…â˜…â˜…","2026-01-18","â˜…â˜…â˜…â˜… Watched by Ã‡aptan 18 Jan 2026 W my lovieğŸ³ No likes yet"
3.5,"â˜…â˜…â˜…Â½","2026-01-18","â˜…â˜…â˜…Â½ Watched by jasmine 18 Jan 2026 Judy Hopps and Nick Wilde might be the main characters but Flash the sloth is the star No likes yet"
3.5,"â˜…â˜…â˜…Â½","2026-01-18T13:48:22.342Z","â˜…â˜…â˜…Â½ Added by LiLu08 18 Jan 2026 hear me out the fox ğŸ˜ hot lad No likes yet"
5,"â˜…â˜…â˜…â˜…â˜…","2026-01-18","â˜…â˜…â˜…â˜…â˜… Watched by lalatralala najaaeem 18 Jan 2026 mauuu nonton plissss ğŸ¥¹ kasih tauu dongg dimana nonton nyaaa â˜º No likes yet"
4,"â˜…â˜…â˜…â˜…","2026-01-18T13:46:19.757Z","â˜…â˜…â˜…â˜… Added by bytriz 18 Jan 2026 Uma das melhores animaÃ§Ãµes e que me fez torcer para uma raposa e uma coelha ficarem juntas. No likes yet"
4,"â˜…â˜…â˜…â˜…","2026-01-18","â˜…â˜…â˜…â˜… Rewatched by Kate 18 Jan 2026 iâ€™m sorry itâ€™s just too good No likes yet"
3.5,"â˜…â˜…â˜…Â½","2026-01-18","â˜…â˜…â˜…Â½ Watched by smhcktt 18 Jan 2026 Hangover wholesomeness No likes yet"
3.5,"â˜…â˜…â˜…Â½","2026-01-18","â˜…â˜…â˜…Â½ Watched by Asma Afrooz 18 Jan 2026 Copaganda ass bunny No likes yet"
5,"â˜…â˜…â˜…â˜…â˜…","2026-01-18","â˜…â˜…â˜…â˜…â˜… Watched by dnizzlecter 18 Jan 2026 Anne ben bir tilkiye asik oldm.ğŸ˜­ğŸ˜­ No likes yet"
5,"â˜…â˜…â˜…â˜…â˜…","2026-01-18","â˜…â˜…â˜…â˜…â˜… Watched by GregorVogel 18 Jan 2026 Banger No likes yet"
3.5,"â˜…â˜…â˜…Â½","2026-01-18","â˜…â˜…â˜…Â½ Watched by swtworldtour 18 Jan 2026 We should take inspo from zootopia for living No likes yet"
3.5,"â˜…â˜…â˜…Â½","2026-01-18","â˜…â˜…â˜…Â½ Watched by Paloma 18 Jan 2026 Se han tenido que hacer tantos fanfics de esto.....escalofrÃ­os No likes yet"
5,"â˜…â˜…â˜…â˜…â˜…","2026-01-18","â˜…â˜…â˜…â˜…â˜… Watched by orangkaya_ 18 Jan 2026 baru kali ini mau sama rubah ğŸ˜”ğŸ˜”ğŸ˜” No likes yet"
4,"â˜…â˜…â˜…â˜…","2026-01-18","â˜…â˜…â˜…â˜… Watched by cobalt7ecrin 18 Jan 2026 kesinlikle Ã§ok iyidi.Tilki favorim No likes yet"
3.5,"â˜…â˜…â˜…Â½","2026-01-18","â˜…â˜…â˜…Â½ Watched by Liamc1997 18 Jan 2026 So is the lion the mayor again or nah No likes yet"
4,"â˜…â˜…â˜…â˜…","2026-01-18","â˜…â˜…â˜…â˜… Watched by haticee 18 Jan 2026 ben bu animasyonu 2025te izleyen bi malÄ±m No likes yet"
3.5,"â˜…â˜…â˜…Â½","2026-01-18","â˜…â˜…â˜…Â½ Rewatched by kyojinn 18 Jan 2026 judy hops can get it. No likes yet"
4.5,"â˜…â˜…â˜…â˜…Â½","2026-01-18","â˜…â˜…â˜…â˜…Â½ Watched by ghinaasls 18 Jan 2026 the assistant mayor already looks sus since day 1 sihhh, love nick that kinda weird but gentle^^ No likes yet"
4,"â˜…â˜…â˜…â˜…","2026-01-18","â˜…â˜…â˜…â˜… Watched by tzitziki 18 Jan 2026 Woah No likes yet"
3.5,"â˜…â˜…â˜…Â½","2026-01-14","â˜…â˜…â˜…Â½ Rewatched by Uzsa 14 Jan 2026 Zootopia is a good animated film. The animation is very polished and the characters are endearing. The plot is decent overall. No likes yet"
4,"â˜…â˜…â˜…â˜…","2026-01-15","â˜…â˜…â˜…â˜… Watched by ishari 15 Jan 2026 i love judy No likes yet"
4,"â˜…â˜…â˜…â˜…","2026-01-18","â˜…â˜…â˜…â˜… Watched by ritika 18 Jan 2026 Welcome back animal farm, I miss you orwell :( 2 likes"
4.5,"â˜…â˜…â˜…â˜…Â½","2026-01-14","â˜…â˜…â˜…â˜…Â½ Watched by eshydb 14 Jan 2026 As good as I remembered it! No likes yet"
4,"â˜…â˜…â˜…â˜…","2026-01-18","â˜…â˜…â˜…â˜… Watched by fuseteamangolu 18 Jan 2026 Tilki de tam benlik No likes yet"
4,"â˜…â˜…â˜…â˜…","2023-02-15","â˜…â˜…â˜…â˜… Watched by Alperen 15 Feb 2023 Animasyonsal No likes yet"
4,"â˜…â˜…â˜…â˜…","2026-01-18","â˜…â˜…â˜…â˜… Watched by Anakin Oliveira 18 Jan 2026 JÃ¡ edito No likes yet"
5,"â˜…â˜…â˜…â˜…â˜…","2026-01-18T12:56:01.632Z","â˜…â˜…â˜…â˜…â˜… Added by Maya_Pinion 18 Jan 2026 Good movie ngl and good twist No likes yet"
5,"â˜…â˜…â˜…â˜…â˜…","2026-01-18","â˜…â˜…â˜…â˜…â˜… Watched by tataykatelyn 18 Jan 2026 like absolutely No likes yet"
4,"â˜…â˜…â˜…â˜…","2026-01-18","â˜…â˜…â˜…â˜… Watched by eleattka 18 Jan 2026 Trop bien mais un peu goofy Ã  mon goÃ»t No likes yet"
5,"â˜…â˜…â˜…â˜…â˜…","2026-01-18","â˜…â˜…â˜…â˜…â˜… Watched by kat 18 Jan 2026 de acordo com a nono ""filme muito bem realizado com personagens boas e ...... nÃ£o sei. nÃ£o tenho mais palavras porque o filme estava muito giro e fantÃ¡stico."" No likes yet"
5,"â˜…â˜…â˜…â˜…â˜…","2026-01-18","â˜…â˜…â˜…â˜…â˜… Rewatched by Hennesssy 18 Jan 2026 Ekte 2016 vibes No likes yet"
5,"â˜…â˜…â˜…â˜…â˜…","2021-09-23","â˜…â˜…â˜…â˜…â˜… Watched by unaa 23 Sep 2021 aku suka zootopia yg bikin zootopia masuk surga plis No likes yet"
3,"â˜…â˜…â˜…","2026-01-18","â˜…â˜…â˜… Watched by rubnn 18 Jan 2026 Sympathique No likes yet"
4.5,"â˜…â˜…â˜…â˜…Â½","2026-01-18","â˜…â˜…â˜…â˜…Â½ Watched by bellaoshea_ 18 Jan 2026 art always replicates culture and politics No likes yet"
3.5,"â˜…â˜…â˜…Â½","2026-01-18","â˜…â˜…â˜…Â½ Rewatched by Maxim 18 Jan 2026 Zootopia: where discrimination is bad and sheep are worse No likes yet"
4,"â˜…â˜…â˜…â˜…","2026-01-18","â˜…â˜…â˜…â˜… Watched by Morgane 18 Jan 2026 mignon comme tout No likes yet"
4.5,"â˜…â˜…â˜…â˜…Â½","2026-01-18","â˜…â˜…â˜…â˜…Â½ Watched by Ching Tao 18 Jan 2026 Banger fox No likes yet"
5,"â˜…â˜…â˜…â˜…â˜…","2016-03-24","â˜…â˜…â˜…â˜…â˜… Rewatched by cleo Paul 24 Mar 2016 LOVE love love No likes yet"
4.5,"â˜…â˜…â˜…â˜…Â½","2026-01-16","â˜…â˜…â˜…â˜…Â½ Watched by Rafael Ortiz 16 Jan 2026 timeless animation, this is a classic, i was so moved, what a story, what a message, everyone needs to see this 2 likes"
4,"â˜…â˜…â˜…â˜…","2017-04-05","â˜…â˜…â˜…â˜… Watched by maiyasmina 05 Apr 2017 crzy plot twist.. why do I find that fucking nonchalant fox fine D: No likes yet"
5,"â˜…â˜…â˜…â˜…â˜…","2025-11-30","â˜…â˜…â˜…â˜…â˜… Watched by sabina 30 Nov 2025 the final scene was even more impressive than the kissing scene, WOW No likes yet"
2,"â˜…â˜…","2026-01-16","â˜…â˜… Rewatched by Edu 16 Jan 2026 ""Â¡No, no por favor!"" ""Â¡Ni se te ocurra parar ahora!"" Este diÃ¡logo pertenece a una escena en la que un villano corre frente a un tren en marcha, suplicÃ¡ndole a los personajes principales que se detengan y la protagonista, con la cual se supone que debemos empatizar, se niega Ãºnicamente por sus intereses propios. Me gustarÃ­a usar esta escena como una breve introducciÃ³n a la moral corrupta de esta cinta. A la hora de escrbir esta pelÃ­cula parece que aâ€¦ more No likes yet"
3.5,"â˜…â˜…â˜…Â½","2026-01-18","â˜…â˜…â˜…Â½ Watched by Tiago Bachetta 18 Jan 2026 I loved this movie good animation good meaning inside the story and cute to see a animal society No likes yet"
5,"â˜…â˜…â˜…â˜…â˜…","2026-01-17","â˜…â˜…â˜…â˜…â˜… Rewatched by minerviene 17 Jan 2026 Es un peliculÃ³n. Tiene intriga, tiene comedia, superaciÃ³n, aceptaciÃ³n y Shakira cantando siendo una gacela.  Lo chulÃ­sima que es la ciudad, yo quiero vivir ahÃ­. La animaciÃ³n es brutal. Y lo monismos que son los animales de pequeÃ±os.  TambiÃ©n muy guay todas las referencias que hay, a otras pelis de Disney, atocha o el Padrino. AdemÃ¡s que la administraciÃ³n pÃºblica sean perezosos, una genialidad. No likes yet"
4,"â˜…â˜…â˜…â˜…","2026-01-18","â˜…â˜…â˜…â˜… Rewatched by Deniz 18 Jan 2026 Ayyyy tatlÄ±lÄ±klarÄ±ndan bayÄ±ldÄ±m bayÄ±ldÄ±m No likes yet"
3.5,"â˜…â˜…â˜…Â½","2026-01-18","â˜…â˜…â˜…Â½ Rewatched by rcholic 18 Jan 2026 Nick WildeğŸ¤¤ğŸ¤¤ğŸ¤¤ No likes yet"
4.5,"â˜…â˜…â˜…â˜…Â½","2026-01-18","â˜…â˜…â˜…â˜…Â½ Watched by apollo kagwa 18 Jan 2026 well, maybe I'm a furry all of the sudden No likes yet"
2,"â˜…â˜…","2026-01-18","â˜…â˜… Watched by liamweth 18 Jan 2026 Meh bunny is fit ig. 1 like"
4,"â˜…â˜…â˜…â˜…","2026-01-17","â˜…â˜…â˜…â˜… Watched by X33X33 17 Jan 2026 J'avais trop la flemme quand on m'a fait regarder Ã§a, mais en vrai c'Ã©tait cool. Un bon Disney qui dÃ©nonce pas mal de choses No likes yet"
5,"â˜…â˜…â˜…â˜…â˜…","2026-01-18","â˜…â˜…â˜…â˜…â˜… Rewatched by propertyinegypt 18 Jan 2026 - Judy Hoops â€œYou know who I am! You know what I am! You know whatâ€™s at stake for me since we met! And you know full well that I did everything for my career!â€ - Nick Wilde â€œYes, I do know. It seems like we would KILL our baby for our career.â€ No likes yet"
5,"â˜…â˜…â˜…â˜…â˜…","2026-01-18","â˜…â˜…â˜…â˜…â˜… Watched by propertyinegypt 18 Jan 2026 Judy hopps ğŸ¤¤ğŸ¤¤ğŸ¤¤ğŸ¥µğŸ¥µğŸ¥µ No likes yet"
4,"â˜…â˜…â˜…â˜…","2026-01-18","â˜…â˜…â˜…â˜… Watched by stexdu29 18 Jan 2026 Banger No likes yet"
4,"â˜…â˜…â˜…â˜…","2026-01-18","â˜…â˜…â˜…â˜… Watched by KillianJLN 18 Jan 2026 TrÃ¨s bon film ! On suit lâ€™histoire de Judy, une lapine qui rÃªve dâ€™Ãªtre dans la police et qui va tout faite pour prouver quâ€™elle mÃ©rite sa place. Ã€ travers ce film, nous allons avoir plusieurs mÃ©taphores par le biais des animaux pour passer des messages trÃ¨s importants et je trouve Ã§a vraiment bien amenÃ©: les prÃ©jugÃ©s et stÃ©rÃ©otypes en sont le message principal, ce film dÃ©nonce le racisme et les discriminations ici amenÃ© par le fait de ne pasâ€¦ more No likes yet"
5,"â˜…â˜…â˜…â˜…â˜…","2026-01-18T11:20:33.520Z","â˜…â˜…â˜…â˜…â˜… Added by zain 18 Jan 2026 yaelah nikah lah rubah sm kelinci, air sama api aja bisa No likes yet"
5,"â˜…â˜…â˜…â˜…â˜…","2026-01-18","â˜…â˜…â˜…â˜…â˜… Watched by enekofournes 18 Jan 2026 zoophilie ğŸ”›ğŸ” (surtout pendant la scene du yoga) No likes yet"
3.5,"â˜…â˜…â˜…Â½","2026-01-18","â˜…â˜…â˜…Â½ Watched by hgsutton13 18 Jan 2026 Rewatch for #2. Fun, cute, no complaints! No likes yet"
5,"â˜…â˜…â˜…â˜…â˜…","2026-01-05","â˜…â˜…â˜…â˜…â˜… Watched by Seara 05 Jan 2026 SERUUUU I LOVE THE PET NAME No likes yet"
5,"â˜…â˜…â˜…â˜…â˜…","2026-01-18","â˜…â˜…â˜…â˜…â˜… Watched by JOEDINERO 18 Jan 2026 Honestly thought the fox was hotter than the bunny No likes yet"
4.5,"â˜…â˜…â˜…â˜…Â½","2026-01-17","â˜…â˜…â˜…â˜…Â½ Watched by imsiikra 17 Jan 2026 ikinci filme gidebilmek iÃ§im izledim NÄ°YE Ä°ZLEMEMÄ°ÅÄ°M KÄ° BEN BUNUUUğŸ˜­ ""yaaavvvvruumm"" 1 like"
4.5,"â˜…â˜…â˜…â˜…Â½","2026-01-18","â˜…â˜…â˜…â˜…Â½ Watched by amaraljfk 18 Jan 2026 como eu amoo desenhos No likes yet"
4,"â˜…â˜…â˜…â˜…","2026-01-18","â˜…â˜…â˜…â˜… Watched by pelin 18 Jan 2026 2 Ben sanirim bir tilkiden hoslaniyorum 46 likes"
3.5,"â˜…â˜…â˜…Â½","2026-01-18","â˜…â˜…â˜…Â½ Rewatched by sommer 18 Jan 2026 I'LL KEEP ON MAKING THOSE NEW MISTAKES No likes yet"
3,"â˜…â˜…â˜…","2026-01-18","â˜…â˜…â˜… Watched by FRNCS 18 Jan 2026 Sympa, mais je venais de regarder Le Robot Sauvage et jâ€™en ai vraiment marre quâ€™on stigmatise les renardsâ€¦ Tout ce quâ€™ils veulent câ€™est de lâ€™amour, bordel Ã  queue. No likes yet"
,"","2026-01-18","Watched by Michael______ 18 Jan 2026 Day 18 of 365 of watching at least one movie a day for a year. When i was little i did not know that one scene was based on the godfather 2 likes"
3.5,"â˜…â˜…â˜…Â½","2026-01-18","â˜…â˜…â˜…Â½ Watched by syacatorss 18 Jan 2026 kelinci kalo ama rubah jadinya apaan yaa.... No likes yet"
4.5,"â˜…â˜…â˜…â˜…Â½","2026-01-18","â˜…â˜…â˜…â˜…Â½ Rewatched by Adam Ritchie 18 Jan 2026 Took my kids to see this in cinema.  Loved it more than they did.   Extremely adult themes and not really a kids animation even though itâ€™s marketed for and to them.  Quite political and anti-establishment.   Voice cast and performances is the greatest of modern times. 1 like"
3,"â˜…â˜…â˜…","2026-01-16","â˜…â˜…â˜… Watched by huangker 16 Jan 2026 so funny, watched it with the bosses kids and enjoyed it thoroughly No likes yet"
4,"â˜…â˜…â˜…â˜…","2026-01-17","â˜…â˜…â˜…â˜… Rewatched by grace 17 Jan 2026 popular and true statement yeah the fox is hot No likes yet"
5,"â˜…â˜…â˜…â˜…â˜…","2026-01-18","â˜…â˜…â˜…â˜…â˜… Watched by Sparklyx 18 Jan 2026 THIS IS WHAT WE CALL A FIVE STAR MOVIE i sobbed when i watched this No likes yet"
4,"â˜…â˜…â˜…â˜…","2026-01-05","â˜…â˜…â˜…â˜… Watched by fanfan0228 05 Jan 2026 est-ce que acab inclut les lapins trop mignons ??? 1 like"
4,"â˜…â˜…â˜…â˜…","2026-01-17","â˜…â˜…â˜…â˜… Rewatched by miguelvaleerio 17 Jan 2026 Tiene acciÃ³n, drama, comedia y amor, que mÃ¡s se le puede pedir. EstÃ¡ bien adaptada a niÃ±os y â€œTry Everythingâ€ es un temazo No likes yet"
4,"â˜…â˜…â˜…â˜…","2026-01-18","â˜…â˜…â˜…â˜… Watched by Bilge Cetin 18 Jan 2026 Zootopia (2016) tells its story in a clearer and more natural way. The film uses its world to talk about discrimination without forcing the message on the audience. Judyâ€™s character development feels honest, as we slowly see her lose her idealism and face the reality of the system she works in. Compared to the sequel, the first film relies more on storytelling and character moments, which makes its social message feel stronger and more effective. No likes yet"
4,"â˜…â˜…â˜…â˜…","2026-01-18","â˜…â˜…â˜…â˜… Watched by Joz 18 Jan 2026 One of the more fun and adventurous Disney animated films of the past decade. 6 likes"
4,"â˜…â˜…â˜…â˜…","2026-01-17","â˜…â˜…â˜…â˜… Rewatched by maiya 17 Jan 2026 1 you know i still havenâ€™t seen the godfather but this is good enough  youâ€™ll never guess what im seeing in the cinema 2 likes"
4,"â˜…â˜…â˜…â˜…","2026-01-18","â˜…â˜…â˜…â˜… Rewatched by Lochie Pantazis 18 Jan 2026 Why is Shakira here No likes yet"
4,"â˜…â˜…â˜…â˜…","2026-01-18","â˜…â˜…â˜…â˜… Rewatched by jay 18 Jan 2026 1 star off for shakira No likes yet"
3.5,"â˜…â˜…â˜…Â½","2026-01-18","â˜…â˜…â˜…Â½ Watched by medusaswig 18 Jan 2026 Socially acceptable Beastars that also got released during 2016â€™s furry craze 1 like"
5,"â˜…â˜…â˜…â˜…â˜…","2026-01-18","â˜…â˜…â˜…â˜…â˜… Watched by ğ“šğ“²ğ“·ğ“° ğ“ğ“¹ğ“¹ğ“µğ“® 18 Jan 2026 2025.4.10 äºŒåˆ·å¾ˆæ„‰å¿« â€”â€” 2025å¹´12æœˆ2æ—¥ å› ä¸ºç¬¬äºŒéƒ¨çš„ä¸Šæ˜ ï¼Œå†åŠ ä¸Šè¿‘æœŸé…éŸ³çš„ä¸€äº›äº‰åµï¼Œè¿™å‡ å¤©åˆåˆ·äº†ä¸€éå›½è¯­é…éŸ³ç‰ˆï¼ˆè¿˜è®°å¾—å°æ—¶å€™çœ‹ç”µå½±åªçœ‹å›½è¯­ç‰ˆï¼‰ï¼Œä½†æ˜¯çœ‹åˆ°ä¸€åŠè¿˜æ˜¯å¿ä¸ä½åˆ‡å›åŸéŸ³äº†â€¦ å…¶å®é‡åˆ·æœ€ä¸»è¦çš„åŸå› æ˜¯å¥½æƒ³å»ç”µå½±é™¢çœ‹ç¬¬äºŒéƒ¨å•Šï¼Œä½†æ˜¯å®Œå…¨æ²¡æœ‰æ—¶é—´å¥½éš¾è¿‡ğŸ˜­ğŸ˜­ No likes yet"
5,"â˜…â˜…â˜…â˜…â˜…","2018-01-18","â˜…â˜…â˜…â˜…â˜… Watched by mochaswirl3 18 Jan 2018 Judy Hopps ğŸ¤¤ğŸ¤¤ğŸ¤¤ No likes yet"
4,"â˜…â˜…â˜…â˜…","2026-01-18","â˜…â˜…â˜…â˜… Rewatched by NoraağŸª· 18 Jan 2026 pelos de punta No likes yet"
3,"â˜…â˜…â˜…","2026-01-18","â˜…â˜…â˜… Watched by fatcoot 18 Jan 2026 Everyoneâ€™s thinking itâ€¦ No likes yet"
5,"â˜…â˜…â˜…â˜…â˜…","2026-01-18","â˜…â˜…â˜…â˜…â˜… Watched by mey 18 Jan 2026 SERUUU DAN AGAK BAPER KECIL XIXI No likes yet"
5,"â˜…â˜…â˜…â˜…â˜…","2026-01-18","â˜…â˜…â˜…â˜…â˜… Watched by sweetsallys 18 Jan 2026 ğŸ«¶ğŸ» JUDYY AND NICKKKK No likes yet"
5,"â˜…â˜…â˜…â˜…â˜…","2026-01-18","â˜…â˜…â˜…â˜…â˜… Rewatched by irem 18 Jan 2026 aktivist animasyon. 2. filmi daha izlemedim ama izlemek istiyorum cok alttan alttan mesaj veriyo super No likes yet"
2,"â˜…â˜…","2026-01-10","â˜…â˜… Rewatched by AppelsapKat 10 Jan 2026 -----Very simple and direct. The standard 3d kids movie jokes are tiring. -----Zootopia's story feels uninspired as it attempts at nothing new, the story follows a predictable path and uses a conventional format to structure its plot. Though likely made with good intent (although made under Disney's wing), the film fundamentally undermines its anti-racist message by making one group (by nature) predators. If you were to translate this to the real world it would be extremely distasteful, therefore you wouldâ€¦ more 1 like"
4,"â˜…â˜…â˜…â˜…","2026-01-18","â˜…â˜…â˜…â˜… Watched by Ilma2 18 Jan 2026 It always the innocent looking one No likes yet"
4.5,"â˜…â˜…â˜…â˜…Â½","2026-01-18","â˜…â˜…â˜…â˜…Â½ Rewatched by Remmy 18 Jan 2026 I just can't get down with being attracted to an animal.. and Jason Bateman in human form doesn't quite do it for me, either.... which leads me to TOP 3 VOICES I WANT TO F**K: 1. Jason Schwartzman [Fantastic Mr. Fox, Klaus, Spider-Verse 2] 2. Jason Bateman [Zootopia 1 & 2] 3. Pedro Pascal [The Wild Robot] No likes yet"
5,"â˜…â˜…â˜…â˜…â˜…","2026-01-17","â˜…â˜…â˜…â˜…â˜… Rewatched by QueenNashua 17 Jan 2026 Timeless classic No likes yet"
4,"â˜…â˜…â˜…â˜…","2026-01-18","â˜…â˜…â˜…â˜… Watched by cebielordi 18 Jan 2026 no comment ts hella good No likes yet"
4,"â˜…â˜…â˜…â˜…","2026-01-18","â˜…â˜…â˜…â˜… Watched by ê£‘à§ Lore 18 Jan 2026 the trope is ğŸ”›ğŸ” No likes yet"
3.5,"â˜…â˜…â˜…Â½","2025-10-31","â˜…â˜…â˜…Â½ Rewatched by MattDoughTea 31 Oct 2025 This society is way too integrated to not talk about interspecies relationships. No likes yet"
5,"â˜…â˜…â˜…â˜…â˜…","2026-01-18","â˜…â˜…â˜…â˜…â˜… Watched by farel 18 Jan 2026 furryğŸ˜‚ No likes yet"
5,"â˜…â˜…â˜…â˜…â˜…","2026-01-18","â˜…â˜…â˜…â˜…â˜… Rewatched by Beyzaakinlarr 18 Jan 2026 - Absolute Cinema / Only because it contains the finest fox I have ever seen No likes yet"
5,"â˜…â˜…â˜…â˜…â˜…","2026-01-18","â˜…â˜…â˜…â˜…â˜… Watched by llaivay 18 Jan 2026 so good No likes yet"
4,"â˜…â˜…â˜…â˜…","2026-01-18","â˜…â˜…â˜…â˜… Watched by Nikkom3nd37 18 Jan 2026 La conejita es mi Crush 1 like"
3,"â˜…â˜…â˜…","2026-01-17","â˜…â˜…â˜… Watched by PickelNickel34 17 Jan 2026 Stooppppp No likes yet"
5,"â˜…â˜…â˜…â˜…â˜…","2026-01-18","â˜…â˜…â˜…â˜…â˜… Watched by cipaaw 18 Jan 2026 kacawww (ykn tmn) No likes yet"
4,"â˜…â˜…â˜…â˜…","2020-06-01","â˜…â˜…â˜…â˜… Watched by mellseu 01 Jun 2020 nonton ini cmn mau liat interaksi judy sm nickğŸ˜­gemes, aduh kelakuan nick itu bikin gigit selimut No likes yet"
5,"â˜…â˜…â˜…â˜…â˜…","2026-01-18","â˜…â˜…â˜…â˜…â˜… Watched by abde maldonado 18 Jan 2026 nickğŸ«¦â€¼ï¸ No likes yet"
4.5,"â˜…â˜…â˜…â˜…Â½","2026-01-18","â˜…â˜…â˜…â˜…Â½ Rewatched by trashmaster97 18 Jan 2026 this could've only been made in 2016 1 like"
5,"â˜…â˜…â˜…â˜…â˜…","2026-01-18","â˜…â˜…â˜…â˜…â˜… Watched by has 18 Jan 2026 i like the first movie more No likes yet"
5,"â˜…â˜…â˜…â˜…â˜…","2026-01-18","â˜…â˜…â˜…â˜…â˜… Rewatched by mustafa2719 18 Jan 2026 Great No likes yet"
5,"â˜…â˜…â˜…â˜…â˜…","2026-01-18","â˜…â˜…â˜…â˜…â˜… Watched by castlekhayl 18 Jan 2026 JUDY HOPPS! I LOVE HER SM! I LOVE (MY MAN) NICK WILDE TOO! ""a little bit of kindness goes a long way"" would be a perfect quote for this film No likes yet"
3.5,"â˜…â˜…â˜…Â½","2026-01-17","â˜…â˜…â˜…Â½ Watched by formosaisland 17 Jan 2026 I was entertained, but weirded out by the unnecessary touching? No likes yet"
4,"â˜…â˜…â˜…â˜…","2026-01-17","â˜…â˜…â˜…â˜… Watched by KÃ¼rÅŸat 17 Jan 2026 farelerin yaÅŸadÄ±ÄŸÄ± evlerin temeli olmamasÄ± koparttÄ± No likes yet"
5,"â˜…â˜…â˜…â˜…â˜…","2026-01-18T08:09:11.274Z","â˜…â˜…â˜…â˜…â˜… Added by khaylalalaa 18 Jan 2026 LAGUNYA SERU No likes yet"
2,"â˜…â˜…","2026-01-12","â˜…â˜… Watched by detine 12 Jan 2026 in this cartoon world where a cop solves racism, they at least had the forethought to make the main love interest a little bastard (which is a good thing) No likes yet"
5,"â˜…â˜…â˜…â˜…â˜…","2026-01-18","â˜…â˜…â˜…â˜…â˜… Watched by dariucka 18 Jan 2026 rewatched it many times, loved it each time No likes yet"
3.5,"â˜…â˜…â˜…Â½","2026-01-18","â˜…â˜…â˜…Â½ Watched by aeysmovingon 18 Jan 2026 si domba kuring nyebelin bngtdh sebel gw?jujur bete dikit sm judy tp yaudah lh y yg penting si domba kuring dh ketangkep No likes yet"
4,"â˜…â˜…â˜…â˜…","2026-01-18","â˜…â˜…â˜…â˜… Watched by Sium 18 Jan 2026 That god father scene ğŸ¤£ğŸ¤£ No likes yet"
5,"â˜…â˜…â˜…â˜…â˜…","2026-01-18","â˜…â˜…â˜…â˜…â˜… Rewatched by yen 18 Jan 2026 y would u make him hot with a sexy voice No likes yet"
5,"â˜…â˜…â˜…â˜…â˜…","2026-01-18","â˜…â˜…â˜…â˜…â˜… Watched by Nico 18 Jan 2026 Pocas pelÃ­culas animadas son de mi agrado, pero esta? La amo, desde que saliÃ³ ha sido de mis pelÃ­culas comfort. No likes yet"
5,"â˜…â˜…â˜…â˜…â˜…","2026-01-17","â˜…â˜…â˜…â˜…â˜… Watched by rinnyjoireman 17 Jan 2026 pro-cop? but still p good No likes yet"
4,"â˜…â˜…â˜…â˜…","2026-01-18","â˜…â˜…â˜…â˜… Rewatched by aebit 18 Jan 2026 in the spirit of 2016(2) ""doug is the opposite of friendly. he's unfriendly."" straight up laughed at this for a min alsoo it totally holds up, alright. No likes yet"
3.5,"â˜…â˜…â˜…Â½","2026-01-18","â˜…â˜…â˜…Â½ Rewatched by Craig Dixon 18 Jan 2026 Disney animated hit isnâ€™t an all-timer but itâ€™s a fun adventure with cute characters, memorable voice work from Ginnifer Goodwin and Jason Bateman, and has a nice message for the kids (and grown-ups). 3 likes"
3.5,"â˜…â˜…â˜…Â½","2026-01-18","â˜…â˜…â˜…Â½ Watched by ViniMendxs 18 Jan 2026 Como q esse filme tem a mesma avaliaÃ§Ã£o q Anora? Mto melhor pqp No likes yet"
4,"â˜…â˜…â˜…â˜…","2026-01-17","â˜…â˜…â˜…â˜… Rewatched by sal 17 Jan 2026 the more i watch this the more i want to buy and put on a fursuit No likes yet"
2,"â˜…â˜…","2026-01-18","â˜…â˜… Watched by megan_fox5555 18 Jan 2026 lowkey love but in a nostalgic comforting way No likes yet"
2.5,"â˜…â˜…Â½","2026-01-17","â˜…â˜…Â½ Rewatched by Anthony Beerswing 17 Jan 2026 Itâ€™s sweet but man it is wayyyyy more pro-cop than I remembered No likes yet"
5,"â˜…â˜…â˜…â˜…â˜…","2026-01-18","â˜…â˜…â˜…â˜…â˜… Watched by ğ“‡¢ğ“†¸ 18 Jan 2026 Welcome back, Don Vito. Stay away from the Night Howlers, yeah? 4 likes"
4.5,"â˜…â˜…â˜…â˜…Â½","2026-01-18","â˜…â˜…â˜…â˜…Â½ Watched by timothybarra 18 Jan 2026 seruu dan keren bangett film ini. awalnya keliatan kayak animasi disney biasa, tapi makin lama ceritanya makin deep, misteri gituu terus banyak tuduh-menuduh. jadi abis nonton rasanya puas dan mikir dikit hahaha. 1 like"
3,"â˜…â˜…â˜…","2026-01-18","â˜…â˜…â˜… Watched by Dominic 18 Jan 2026 Amusing and cute. No likes yet"
4,"â˜…â˜…â˜…â˜…","2026-01-17","â˜…â˜…â˜…â˜… Rewatched by Alex 17 Jan 2026 peak No likes yet"
5,"â˜…â˜…â˜…â˜…â˜…","2026-01-18","â˜…â˜…â˜…â˜…â˜… Rewatched by emmağŸ¦ˆ 18 Jan 2026 PEAK DEL CINE, de mis pelÃ­culas favoritas de disney. Estoy aburrida y la veo, estoy de buen humor y la veo, estoy de mal humor y la veo, LA PODRÃA VER MIL VECES y me va a gustar igual o mÃ¡s que desde la primera vez que la vÃ­. Realmente la adoro, es de mis comfort movies. No likes yet"
4.5,"â˜…â˜…â˜…â˜…Â½","2026-01-18","â˜…â˜…â˜…â˜…Â½ Watched by dapapappapaa 18 Jan 2026 tuuu kambing sumbul ngesein fak No likes yet"
5,"â˜…â˜…â˜…â˜…â˜…","2026-01-18","â˜…â˜…â˜…â˜…â˜… Watched by J_ 18 Jan 2026 2 ğŸ˜† long time i jump into disney 4 likes"
4.5,"â˜…â˜…â˜…â˜…Â½","2026-01-17","â˜…â˜…â˜…â˜…Â½ Rewatched by anniearnnld 17 Jan 2026 Simple, entertaining, funny, and cute No likes yet"
5,"â˜…â˜…â˜…â˜…â˜…","2026-01-18","â˜…â˜…â˜…â˜…â˜… Watched by Sabine. 18 Jan 2026 Poin pentingnya kita harus mencoba buat tau nanti endingnya kayak apa dan segala perbedaan yang ada di dalam hidup kita itu yang buat kita saling melengkapi No likes yet"
5,"â˜…â˜…â˜…â˜…â˜…","2026-01-18","â˜…â˜…â˜…â˜…â˜… Watched by eucrissz 18 Jan 2026 Oh, Oh, Oh, Oh, Oh, Try everything. No likes yet"
5,"â˜…â˜…â˜…â˜…â˜…","2026-01-18","â˜…â˜…â˜…â˜…â˜… Watched by meraflor 18 Jan 2026 i love everything about this movie No likes yet"
4,"â˜…â˜…â˜…â˜…","2026-01-18","â˜…â˜…â˜…â˜… Watched by Luiz da Cruz 18 Jan 2026 Muito divertido, universo muito bem feito, a Disney surpreendeu nessa No likes yet"
4,"â˜…â˜…â˜…â˜…","2026-01-17","â˜…â˜…â˜…â˜… Rewatched by Dayani 17 Jan 2026 Lowk..Nickâ€¦ but also why is this fr a good mystery movie No likes yet"
4,"â˜…â˜…â˜…â˜…","2026-01-17","â˜…â˜…â˜…â˜… Watched by Benfrigo333 17 Jan 2026 The best kids movies are ones with subtle adult humor in them and this was a good example of that.  That way you can watch it more than once as you grow up and catch things you didnâ€™t previously (think shrek).  I watched this bc Iâ€™m going to see 2 in theatres to continue my streak of consecutive days going to the theatre and nothing else was showing early enough to make it home before football starts. But now Iâ€™mâ€¦ more No likes yet"
4,"â˜…â˜…â˜…â˜…","2026-01-16","â˜…â˜…â˜…â˜… Watched by Brayson 16 Jan 2026 Watch this last night before bed with my daughter was really surprised with how good it was since Iâ€™ve never seen it and rarely seen it talked about def one of my most liked animated films Iâ€™ve seen No likes yet"
5,"â˜…â˜…â˜…â˜…â˜…","2025-12-01","â˜…â˜…â˜…â˜…â˜… Watched by Ryanpwh 01 Dec 2025 Ok lah No likes yet"
3,"â˜…â˜…â˜…","2026-01-18","â˜…â˜…â˜… Watched by Gomes 18 Jan 2026 Filme bom uma animaÃ§Ã£o inovadora No likes yet"
5,"â˜…â˜…â˜…â˜…â˜…","2026-01-17","â˜…â˜…â˜…â˜…â˜… Rewatched by 11thToe 17 Jan 2026 Big day for the furries when this came out No likes yet"
5,"â˜…â˜…â˜…â˜…â˜…","2026-01-18T06:08:20.736Z","â˜…â˜…â˜…â˜…â˜… Added by Triksi Sorza 18 Jan 2026 I'll just state here how sexy Jason Bateman's voice is. I might record it with a cassette tape and play it nonstop ALL afternoon. No likes yet"
4.5,"â˜…â˜…â˜…â˜…Â½","2026-01-18","â˜…â˜…â˜…â˜…Â½ Watched by baby03 18 Jan 2026 bunny pen No likes yet"
3.5,"â˜…â˜…â˜…Â½","2026-01-18","â˜…â˜…â˜…Â½ Watched by MycGraw 18 Jan 2026 Ã‰ bem legal, a dinÃ¢mica do Nick e a coelha Ã¨ divertido, tem boas piadas No likes yet"
4,"â˜…â˜…â˜…â˜…","2023-01-13","â˜…â˜…â˜…â˜… Watched by hanif syuhada 13 Jan 2023 When I watched this it made me happy, many issues were raised, and there were many lessons to be learned. No likes yet"
4.5,"â˜…â˜…â˜…â˜…Â½","2026-01-17","â˜…â˜…â˜…â˜…Â½ Watched by zach_vinci 17 Jan 2026 Nick Wilde even stands like Jason Bateman. Wild No likes yet"
5,"â˜…â˜…â˜…â˜…â˜…","2026-01-18","â˜…â˜…â˜…â˜…â˜… Rewatched by kie 18 Jan 2026 siapapun bikin kampanye 1 rumah 1 nick wilde No likes yet"
3,"â˜…â˜…â˜…","2026-01-17","â˜…â˜…â˜… Watched by menarddevon 17 Jan 2026 Nick Wilde is not that sexy yall 1 like"
5,"â˜…â˜…â˜…â˜…â˜…","2026-01-18","â˜…â˜…â˜…â˜…â˜… Rewatched by ckllvnz 18 Jan 2026 skunk butt rug No likes yet"
5,"â˜…â˜…â˜…â˜…â˜…","2026-01-18T05:48:44.549Z","â˜…â˜…â˜…â˜…â˜… Added by gabi 18 Jan 2026 fico gagged quando percebo quem sao os reais vilÃµes 1 like"
,"","2026-01-18","Watched by Edin 18 Jan 2026 felt seduced by the sexy Jason bateman fox No likes yet"
3.5,"â˜…â˜…â˜…Â½","2026-01-18","â˜…â˜…â˜…Â½ Watched by 7o0 18 Jan 2026 Ù„Ø·ÙŠÙ No likes yet"
3.5,"â˜…â˜…â˜…Â½","2026-01-17","â˜…â˜…â˜…Â½ Rewatched by hwil99 17 Jan 2026 Such a funny and cute movie No likes yet"
5,"â˜…â˜…â˜…â˜…â˜…","2026-01-17","â˜…â˜…â˜…â˜…â˜… Watched by Dawid 17 Jan 2026 juddyhopslover69 No likes yet"
4,"â˜…â˜…â˜…â˜…","2026-01-11","â˜…â˜…â˜…â˜… Watched by kaafialien 11 Jan 2026 i love this style of animation. and i also love this style of storytelling. No likes yet"
5,"â˜…â˜…â˜…â˜…â˜…","2026-01-18","â˜…â˜…â˜…â˜…â˜… Watched by esnupi gabycha 18 Jan 2026 eu jÃ¡ assisti uma 18 vezes quando eu era crianÃ§a No likes yet"
5,"â˜…â˜…â˜…â˜…â˜…","2026-01-13","â˜…â˜…â˜…â˜…â˜… Rewatched by nialwayswatches 13 Jan 2026 Beautiful No likes yet"
3,"â˜…â˜…â˜…","2026-01-18","â˜…â˜…â˜… Watched by Alii_zzz 18 Jan 2026 Me gusto un poco No likes yet"
4,"â˜…â˜…â˜…â˜…","2026-01-17","â˜…â˜…â˜…â˜… Rewatched by allison. 17 Jan 2026 loved the godfather scene No likes yet"
3.5,"â˜…â˜…â˜…Â½","2026-01-17","â˜…â˜…â˜…Â½ Watched by easyresolution 17 Jan 2026 animals lots of them talking and stuff really things you could only dream of thatâ€™s what movies are all about when it comes to imagination 1 like"
2.5,"â˜…â˜…Â½","2026-01-17","â˜…â˜…Â½ Watched by epsilonaquilids 17 Jan 2026 Another anti ACAB propaganda No likes yet"
3.5,"â˜…â˜…â˜…Â½","2026-01-17","â˜…â˜…â˜…Â½ Rewatched by Haunted Hippie 17 Jan 2026 ğŸ˜¶ğŸ˜ğŸ˜®ğŸ˜¯ğŸ˜²ğŸ˜„ğŸ˜ƒ HAH! ğŸ¦¥ 48 likes"
,"","2026-01-17","Watched by jennatals 17 Jan 2026 judyâ€™s parents in the beginning remind me of my parents whenever i express my hopes & dreams to them 1 like"
2,"â˜…â˜…","2026-01-17","â˜…â˜… Watched by MaxMetanoia 17 Jan 2026 Great idea, Great chemistry between the 2 main characters, Horrible nudist colony scene No likes yet"
4,"â˜…â˜…â˜…â˜…","2026-01-17","â˜…â˜…â˜…â˜… Watched by StevenSp 17 Jan 2026 Love me a criminal conspiracy No likes yet"
5,"â˜…â˜…â˜…â˜…â˜…","2026-01-17","â˜…â˜…â˜…â˜…â˜… Watched by luigilover99 17 Jan 2026 Like yeah I have questions about the logistics of this universe i.e. evolutionary biology timelines and also the physics of literally anything and especially the science elements of it Also very interesting politically lowkey would love to analyse this and im sure people have on youtube so ill watch those  Made me think of how media is always a product of tge current political climate Very on theme for the 2016 mass obsession thats happening  I LOVE ANIMATION  I LOVE ANIMAL MOVIES 2 likes"
4,"â˜…â˜…â˜…â˜…","2026-01-17","â˜…â˜…â˜…â˜… Watched by petermcarney 17 Jan 2026 1 This is a banger I canâ€™t lie 3 likes"
4,"â˜…â˜…â˜…â˜…","2026-01-17","â˜…â˜…â˜…â˜… Watched by Jenna 17 Jan 2026 28 years later: zootopia No likes yet"
4,"â˜…â˜…â˜…â˜…","2026-01-17","â˜…â˜…â˜…â˜… Watched by blayne24 17 Jan 2026 To paraphrase Jonah Hill in This Is The End, those references were outta control  This movie is just wonderful No likes yet"
2.5,"â˜…â˜…Â½","2026-01-17","â˜…â˜…Â½ Watched by eva 17 Jan 2026 soft launching my new hobby of being a sheep furry idk the terms yet tho No likes yet"
4,"â˜…â˜…â˜…â˜…","2026-01-17","â˜…â˜…â˜…â˜… Rewatched by miasocci 17 Jan 2026 - dad picked out the movie - weird attempt at an â€œeveryone should just get alongâ€ social and political commentary - lots of unnecessary sexual tension for a damn childrens movie - dad said â€œwhy is the rabbit the GOATâ€ at the end - had a fun time and yeah i DO love the godfather scene - where the birds and lizards and bugs and those guys???? 1 like"
4,"â˜…â˜…â˜…â˜…","2026-01-18","â˜…â˜…â˜…â˜… Watched by cleeone 18 Jan 2026 GOSHHH WILDE IS FULL OF RIZZ AHHAHAHAHAHH No likes yet"
3,"â˜…â˜…â˜…","2026-01-18","â˜…â˜…â˜… Rewatched by lohchorona 18 Jan 2026 Filmao da porra nÃ© No likes yet"
3,"â˜…â˜…â˜…","2026-01-17","â˜…â˜…â˜… Watched by Jerald 17 Jan 2026 That sure is exactly what I expected it to be. 1 like"
3.5,"â˜…â˜…â˜…Â½","2026-01-17","â˜…â˜…â˜…Â½ Watched by kea2398 17 Jan 2026 Imagine saying you want to make the world a better place and your first thought is to become a cop. Aside from the cop propaganda, this was a good rewatch and it was Danielâ€™s first time watching this (he enjoyed it). Conflicted between rating this 3.5 or 4 because I definitely think I enjoyed this more when I initially watched in 2016. 1 like"
4,"â˜…â˜…â˜…â˜…","2026-01-17","â˜…â˜…â˜…â˜… Watched by magicalostrich 17 Jan 2026 A bunny cop and a con-artist fox solve racism. Somehow it slaps. Also the DMV sloth is cinema. ğŸ¦¥ğŸ¬ 1 like"
3,"â˜…â˜…â˜…","2026-01-17","â˜…â˜…â˜… Watched by dorie ğŸ¸ 17 Jan 2026 nude giraffe spreading cheeks at the water fountain was absolutely diabolical 1 like"
5,"â˜…â˜…â˜…â˜…â˜…","2026-01-18","â˜…â˜…â˜…â˜…â˜… Watched by ata ğŸ¦© 18 Jan 2026 owsyit nambah lg list fineshytku yang tengil ini 1 like"
5,"â˜…â˜…â˜…â˜…â˜…","2026-01-04","â˜…â˜…â˜…â˜…â˜… Watched by kimi1212 04 Jan 2026 lah ternyata si domba.... No likes yet"
4,"â˜…â˜…â˜…â˜…","2026-01-18","â˜…â˜…â˜…â˜… Watched by Byatriz Silva roseno 18 Jan 2026 Obra de arte No likes yet"
4,"â˜…â˜…â˜…â˜…","2026-01-17","â˜…â˜…â˜…â˜… Rewatched by angy 17 Jan 2026 Y en que momento Judy y Nick se besan? No likes yet"
5,"â˜…â˜…â˜…â˜…â˜…","2026-01-17","â˜…â˜…â˜…â˜…â˜… Rewatched by kat 17 Jan 2026 Iâ€™m surprised I didnâ€™t have this logged before??? Had to rewatch this MASTERPIECE of a movie once more. Iâ€™m too lazy to write a real review here but letâ€™s be fr Iâ€™ll do that next watch No likes yet"
3,"â˜…â˜…â˜…","2026-01-17","â˜…â˜…â˜… Watched by natpringle 17 Jan 2026 Life imitates art sometimes No likes yet"
5,"â˜…â˜…â˜…â˜…â˜…","2026-01-17","â˜…â˜…â˜…â˜…â˜… Rewatched by tarini 17 Jan 2026 my mom didnâ€™t want to watch avengers infinity war because it reminded her too much of the state of america right now. instead she picked this â€˜lightâ€™ movie about a corrupt government that shoots minorities! No likes yet"
4,"â˜…â˜…â˜…â˜…","2026-01-03","â˜…â˜…â˜…â˜… Watched by scheinen 03 Jan 2026 ini yang jahat si domba imut itu jadi jangan terkecoh No likes yet"
4,"â˜…â˜…â˜…â˜…","2026-01-18","â˜…â˜…â˜…â˜… Watched by nadmut 18 Jan 2026 Mr big was such a mood No likes yet"
4,"â˜…â˜…â˜…â˜…","2026-01-17","â˜…â˜…â˜…â˜… Rewatched by dom 17 Jan 2026 Bateman was the perfect choice. No likes yet"
5,"â˜…â˜…â˜…â˜…â˜…","2026-01-18","â˜…â˜…â˜…â˜…â˜… Watched by kayeyo 18 Jan 2026 hts ini selain beda jenis kelamin, beda jenis hewan juga No likes yet"
5,"â˜…â˜…â˜…â˜…â˜…","2026-01-18","â˜…â˜…â˜…â˜…â˜… Watched by Elleyne 18 Jan 2026 my child, we may be evolved but deep down we are still animals. 1 like"
4.5,"â˜…â˜…â˜…â˜…Â½","2026-01-17","â˜…â˜…â˜…â˜…Â½ Rewatched by bren 17 Jan 2026 lowkey why do I relate to judy hopps No likes yet"
5,"â˜…â˜…â˜…â˜…â˜…","2026-01-18","â˜…â˜…â˜…â˜…â˜… Watched by saturnfamesi 18 Jan 2026 Allah kahretsin ya artÄ±k Nick de ACAB kapsamÄ±nda 1 like"
4.5,"â˜…â˜…â˜…â˜…Â½","2026-01-17","â˜…â˜…â˜…â˜…Â½ Watched by kt_pips 17 Jan 2026 Kate and Lev paid $4 so I would watch this 1 like"
4.5,"â˜…â˜…â˜…â˜…Â½","2026-01-17","â˜…â˜…â˜…â˜…Â½ Watched by aliyahgeer 17 Jan 2026 Nothing else to say- this is a good one. Good themes too! No likes yet"
4.5,"â˜…â˜…â˜…â˜…Â½","2026-01-17","â˜…â˜…â˜…â˜…Â½ Watched by lisstzr 17 Jan 2026 esta pelÃ­cula esta hecha con amoe No likes yet"
5,"â˜…â˜…â˜…â˜…â˜…","2026-01-17","â˜…â˜…â˜…â˜…â˜… Rewatched by savs420 17 Jan 2026 in theory this movie shouldâ€™ve ended racism No likes yet"
3,"â˜…â˜…â˜…","2026-01-17","â˜…â˜…â˜… Watched by obobrien9 17 Jan 2026 ACAB til itâ€™s backwards No likes yet"
4.5,"â˜…â˜…â˜…â˜…Â½","2026-01-18T04:25:55.439Z","â˜…â˜…â˜…â˜…Â½ Added by Izzi_griffin 18 Jan 2026 So good really deep underlying message about racism No likes yet"
5,"â˜…â˜…â˜…â˜…â˜…","2026-01-17","â˜…â˜…â˜…â˜…â˜… Watched by ArielzinKing 17 Jan 2026 pqp poderoso chefÃ£o topeira, aulas de cinema No likes yet"
4,"â˜…â˜…â˜…â˜…","2026-01-17","â˜…â˜…â˜…â˜… Rewatched by scottzelligan 17 Jan 2026 This movie is pretty smart about it's message! And importantly, it works within the plot of the movie. Great voice acting, some slick animation, but the real fun is this cool world that has been created. And LaMarche as a teeny tiny godfather. Love that. 1 like"
5,"â˜…â˜…â˜…â˜…â˜…","2026-01-18","â˜…â˜…â˜…â˜…â˜… Watched by abril 18 Jan 2026 hola me encanta esta pelÃ­cula es la unica pelÃ­cula de animales que me verÃ­a muchas veces No likes yet"
3.5,"â˜…â˜…â˜…Â½","2026-01-17","â˜…â˜…â˜…Â½ Watched by bruna 17 Jan 2026 nao a copaganda tsk No likes yet"
4.5,"â˜…â˜…â˜…â˜…Â½","2025-12-02","â˜…â˜…â˜…â˜…Â½ Rewatched by EthanGuendulain 02 Dec 2025 Vi esta pelÃ­cula cuando se estrenÃ³ y en aquel entonces, siendo un niÃ±o, la disfrute muchÃ­simo. Revisitandola puedo decir que ha envejecido bien, tanto en animaciÃ³n como en trama y personajes. Probablemente sigue siendo la mejor pelÃ­cula original de Disney de los Ãºltimos aÃ±os. No likes yet"
3.5,"â˜…â˜…â˜…Â½","2026-01-17","â˜…â˜…â˜…Â½ Watched by Elisa 17 Jan 2026 1 1 down, 1 to go! No likes yet"
2.5,"â˜…â˜…Â½","2026-01-17","â˜…â˜…Â½ Watched by maju 17 Jan 2026 pra quem n sabe nesse filme contem o maior plot twist de todos No likes yet"
3.5,"â˜…â˜…â˜…Â½","2026-01-17","â˜…â˜…â˜…Â½ Watched by Ben_Shannon0 17 Jan 2026 Classique de jeunesse, lâ€™histoire est adaptÃ©e aux enfants tout en y ajoutant des Ã©lÃ©ments plus vulgaires. Bon retournement de situation Ã  la fin. No likes yet"
,"","2026-01-17","Rewatched by Madeline 17 Jan 2026 Babysitting! Woohoo! No likes yet"
,"","2026-01-17","Watched by danathanson 17 Jan 2026 Five/five stars for Shanghaiâ€™s theme park tribute No likes yet"
5,"â˜…â˜…â˜…â˜…â˜…","2026-01-18","â˜…â˜…â˜…â˜…â˜… Rewatched by cajucosta 18 Jan 2026 me entregou um filme policial melhor do que muitos ai No likes yet"
2.5,"â˜…â˜…Â½","2026-01-18","â˜…â˜…Â½ Watched by murronopote 18 Jan 2026 Coelha safada No likes yet"
4,"â˜…â˜…â˜…â˜…","2026-01-17","â˜…â˜…â˜…â˜… Watched by Lucas Gomes 17 Jan 2026 Muito divertido, plot bom demais, nÃ£o esperava mesmo kkkk. DÃ¡ pra ver tranquilamente com a famÃ­lia. No likes yet"
3,"â˜…â˜…â˜…","2026-01-17","â˜…â˜…â˜… Watched by EvelynKetelyB 17 Jan 2026 Legal No likes yet"
5,"â˜…â˜…â˜…â˜…â˜…","2026-01-18","â˜…â˜…â˜…â˜…â˜… Watched by AÂ³ 18 Jan 2026 Polisi wni hrs nonton ni movie dan mencontoh Judy hoops No likes yet"
3.5,"â˜…â˜…â˜…Â½","2026-01-17","â˜…â˜…â˜…Â½ Watched by Brian 17 Jan 2026 Honestly so much of this movie works and is cute and fun and creative, I wish it wasnâ€™t trying to solve racism in the most hamfisted way possible. 1 like"
4,"â˜…â˜…â˜…â˜…","2026-01-17","â˜…â˜…â˜…â˜… Watched by HeloÃ­sa Medeiros 17 Jan 2026 essa mÃºsica da Shakira nÃ£o tem motivo pra ser tÃ£o boa assim, top mÃºsicas de animaÃ§Ã£o No likes yet"
1,"â˜…","2016-03-11","â˜… Watched by Maeziae 11 Mar 2016 Nick Wilde pissed me off No likes yet"
5,"â˜…â˜…â˜…â˜…â˜…","2026-01-17","â˜…â˜…â˜…â˜…â˜… Rewatched by sophiacueva 17 Jan 2026 am I crazy to say zootopia can heal you more than therapy??ğŸ¦ŠğŸ’—ğŸ° No likes yet"
4.5,"â˜…â˜…â˜…â˜…Â½","2026-01-16","â˜…â˜…â˜…â˜…Â½ Rewatched by button 16 Jan 2026 I enjoy this movie more as an adult the dialogue and the jokes are so freaking funnyyyyyyyyy and the pacing is lowkey better than the second movie I love nick wilde so much he's such a well written character so charming and witty (obvi) one of my favourite fictional characters of all time! and the fact that this movie came out the year when trump got elected the first time and the sequel came out when trump is still in the office is kinda... ğŸ˜­ğŸ˜­ğŸ˜­ No likes yet"
3.5,"â˜…â˜…â˜…Â½","2026-01-16","â˜…â˜…â˜…Â½ Rewatched by kassylovesfilms 16 Jan 2026 completely forgot that this was a movie that I grew up on overall it is really good and it is definitely a movie that I could watch again because it doesnâ€™t get old. The only reason this isnâ€™t a 4 itâ€™s because it seemed at times that Judy was really reckless and yes, you could see it as sheâ€™s trying to prove herself, but most of the times she was just putting herself and a civilian in blatant danger which I thought was crazy. but sooooo goodğŸ¥• No likes yet"
4,"â˜…â˜…â˜…â˜…","2025-12-16","â˜…â˜…â˜…â˜… Watched by yrtnait 16 Dec 2025 yaampun GEMES bgt w ngeliat banternya judy sama nickkkkk, masa iye gw kesemsem sm binatang!!!! ğŸ˜«ğŸ«µğŸ» suka tema yg diskriminasi yang diangkat! diskriminasi terhadap kaum kecil aka minoritas... also my woman judy yang berhasil membuktikan her worth even after diremeh temehkan krn she's small, she's a farmer's daughter, and she's a woman. i enjoyed this sooo much, this pulled me out of a watching slump (if those words exist) ğŸ¤±ğŸ» No likes yet"
3,"â˜…â˜…â˜…","2026-01-18","â˜…â˜…â˜… Watched by lux717 18 Jan 2026 PelÃ­cula de furros y para furros No likes yet"
5,"â˜…â˜…â˜…â˜…â˜…","2026-01-18","â˜…â˜…â˜…â˜…â˜… Rewatched by âœ¶â‹†.Ëš 18 Jan 2026 EU TE AMO ZOOTOPIA PORRA MELHOR FILME DO MUNDO CARALHO TO ME TREMENDO ğŸ˜­ğŸ˜­ğŸ˜­ğŸ˜­ğŸ˜­ğŸ˜­ğŸ˜­ No likes yet"
3.5,"â˜…â˜…â˜…Â½","2026-01-18","â˜…â˜…â˜…Â½ Watched by gabrzlc 18 Jan 2026 En sah pan pan il ce met bien No likes yet"
5,"â˜…â˜…â˜…â˜…â˜…","2026-01-17","â˜…â˜…â˜…â˜…â˜… Watched by susanitaravioli 17 Jan 2026 le voy a decir a mis hijos que luego de esta pelÃ­cula se firmÃ³ el tratado de versalles. No likes yet"
4.5,"â˜…â˜…â˜…â˜…Â½","2026-01-18","â˜…â˜…â˜…â˜…Â½ Rewatched by Harrison Lewellyn 18 Jan 2026 3 I really like Zootopia but I can't like it too much because I'll get some weird looks and questions. 4 likes"
4,"â˜…â˜…â˜…â˜…","2026-01-18","â˜…â˜…â˜…â˜… Watched by monyinyanyo 18 Jan 2026 I WONT GIVE UP NO I WONT GIVE INNN TILL I REACH THE ENDD AND I START AGAINNN No likes yet"
5,"â˜…â˜…â˜…â˜…â˜…","2026-01-17","â˜…â˜…â˜…â˜…â˜… Watched by Sparklez23 17 Jan 2026 I forgot how much real world music is used in this film. No likes yet"
4,"â˜…â˜…â˜…â˜…","2026-01-18","â˜…â˜…â˜…â˜… Rewatched by caetano783 18 Jan 2026 Je vais voir le 2 demain donc jâ€™ai voulu le refaire ce merveilleux film et putain quel nostalgie, tout est si bien dans ce film mais LA MUSIQUE DE SHAKIRA PUTAIN.. dire que jâ€™avais Ã©tÃ© le voir en 2016 avec ma mÃ¨re au cinÃ©ma woaw! (Voir la  rÃ©fÃ©rence Ã  Vito Corleone aujourdâ€™hui je suis MORT DE RIRE PTDRRRR) No likes yet"
5,"â˜…â˜…â˜…â˜…â˜…","2026-01-17","â˜…â˜…â˜…â˜…â˜… Rewatched by annavani 17 Jan 2026 MY FAVORITE MOVIE EVER FOREVER ğŸ¥³ğŸ¥³ Iâ€™ve watched at least 15 times to be so honest No likes yet"
4,"â˜…â˜…â˜…â˜…","2026-01-18","â˜…â˜…â˜…â˜… Watched by Meshal 18 Jan 2026 â€œØ§Ù„Ø­ÙŠØ§Ø© Ø§Ù„ÙˆØ§Ù‚Ø¹ÙŠØ© ØªØ¹Ù…Ù‡Ø§ Ø§Ù„ÙÙˆØ¶Ù‰ ÙˆØ¬Ù…ÙŠØ¹Ù†Ø§ ØªØµÙ†Ø¹ Ø§Ù„ÙƒØ«ÙŠØ± Ù…Ù† Ø§Ù„Ø£Ø®Ø·Ø§Ø¡ØŒ ÙˆØ­ÙŠÙ† ÙŠØµØ¨Ø­ ÙƒÙ„ ÙØ±Ø¯ Ù…ØªÙÙ‡Ù… Ù„Ù€ Ø£Ø®Ø·Ø§Ø¡ Ø§Ù„Ø¢Ø®Ø±ÙŠÙ† â€¦ Ø²Ø§Ø¯Ù‡ Ø§Ù„Ø£Ù…Ø± ØªÙ…ÙŠØ²Ù‹Ø§ Ø¹Ù†Ù‡Ù…""  ÙÙ„Ù… Ø¢Ø®Ø± Ø¨Ø·Ø§Ø¨Ø¹ ÙØ±ÙŠØ¯ Ù…Ù† Ù†ÙˆØ¹Ù‡ Ù…Ù† Ø¥Ù†ØªØ§Ø¬ Ø¯ÙŠØ²Ù†ÙŠØŒ Ø¨Ø¯ÙŠØ¹ Ø¨ÙƒÙ„ Ù…Ø§ØªØ­Ù…Ù„Ù‡ Ø§Ù„ÙƒÙ„Ù…Ø© Ù…Ù† Ù…Ø¹Ù†Ù‰ 3 likes"
4,"â˜…â˜…â˜…â˜…","2026-01-17","â˜…â˜…â˜…â˜… Rewatched by burrsir 17 Jan 2026 They be naked No likes yet"
5,"â˜…â˜…â˜…â˜…â˜…","2026-01-18","â˜…â˜…â˜…â˜…â˜… Watched by Igaunn 18 Jan 2026 . No likes yet"
4.5,"â˜…â˜…â˜…â˜…Â½","2026-01-17","â˜…â˜…â˜…â˜…Â½ Watched by BKore7 17 Jan 2026 Beastars com censura. Desenho legal demais. No likes yet"
5,"â˜…â˜…â˜…â˜…â˜…","2026-01-17","â˜…â˜…â˜…â˜…â˜… Watched by A. ğŸ¥€ 17 Jan 2026 NICK WILDE AND JUDY HOPPS HAVE AND ALWAYS WILL CONTINUE TO POSITIVELY ALTER MY BRAIN CHEMISTRY! MOM AND DAD!! MOM AND DAAAAAADDDDDDDDD No likes yet"
5,"â˜…â˜…â˜…â˜…â˜…","2026-01-17","â˜…â˜…â˜…â˜…â˜… Rewatched by elmi ğŸ‘©â€â¤ï¸â€ğŸ’‹â€ğŸ‘© 17 Jan 2026 dejen de cojerse con los ojos me incomoda gravemente No likes yet"
4,"â˜…â˜…â˜…â˜…","2026-01-18","â˜…â˜…â˜…â˜… Watched by paula 18 Jan 2026 las ratas italianas No likes yet"
3.5,"â˜…â˜…â˜…Â½","2026-01-17","â˜…â˜…â˜…Â½ Watched by hahalongboy 17 Jan 2026 ğŸ¦Š ğŸ° No likes yet"
5,"â˜…â˜…â˜…â˜…â˜…","2026-01-17","â˜…â˜…â˜…â˜…â˜… Watched by akess6600 17 Jan 2026 Okay this movie is legit SO CUTE. I enjoyed watching this a lot No likes yet"
5,"â˜…â˜…â˜…â˜…â˜…","2026-01-16","â˜…â˜…â˜…â˜…â˜… Watched by doria0 16 Jan 2026 nao acredito que me apaixonei por uma RAPOSA No likes yet"
4,"â˜…â˜…â˜…â˜…","2026-01-17","â˜…â˜…â˜…â˜… Watched by mountaindewHD 17 Jan 2026 hate the cop thing but damn that Jason Bateman Fox has so much swag No likes yet"
5,"â˜…â˜…â˜…â˜…â˜…","2026-01-14","â˜…â˜…â˜…â˜…â˜… Rewatched by ribs 14 Jan 2026 amo a dinÃ¢mica deles filme lindinho No likes yet"
3.5,"â˜…â˜…â˜…Â½","2026-01-17","â˜…â˜…â˜…Â½ Watched by d3l4d1s 17 Jan 2026 why is this good No likes yet"
5,"â˜…â˜…â˜…â˜…â˜…","2026-01-17","â˜…â˜…â˜…â˜…â˜… Rewatched by kaley 17 Jan 2026 i love nick wilde No likes yet"
3.5,"â˜…â˜…â˜…Â½","2026-01-18","â˜…â˜…â˜…Â½ Watched by Yar_99 18 Jan 2026 Je mâ€™attendais pas un scÃ©nario aussi bien recherchÃ© pour un film dâ€™animation Disney. Un bon moment passÃ© en globalitÃ© avec des caractÃ©ristiques de personnages bien poussÃ©es. No likes yet"
4,"â˜…â˜…â˜…â˜…","2019-04-09","â˜…â˜…â˜…â˜… Watched by Hilary 09 Apr 2019 A sexy fox?ğŸ§ğŸ»â€â™€ï¸ No likes yet"
5,"â˜…â˜…â˜…â˜…â˜…","2026-01-18T02:25:03.993Z","â˜…â˜…â˜…â˜…â˜… Added by amanditaa 18 Jan 2026 Shakira mudou completamente minha vida com a mÃºsica desse filme!!!!!! um dos meus favoritos com certeza No likes yet"
,"","2026-01-17","Watched by jessica 17 Jan 2026 whyyyy andy sambergâ€¦ No likes yet"
5,"â˜…â˜…â˜…â˜…â˜…","2024-08-12","â˜…â˜…â˜…â˜…â˜… Rewatched by jenn huh 12 Aug 2024 my fave when i was a teen <3 a classic No likes yet"
3,"â˜…â˜…â˜…","2026-01-17","â˜…â˜…â˜… Watched by cyc4den 17 Jan 2026 it was actually supposed to be 3 hours long but judy hopps kept turning off her body cam No likes yet"
4,"â˜…â˜…â˜…â˜…","2023-05-19","â˜…â˜…â˜…â˜… Rewatched by alkhowa_ 19 May 2023 I would have liked to see a final product based on the original concept for Zootopia, but this movie is still pretty good. It has a good message about discrimination in general, an interesting world-building, fun references, and a good plot. Plus, Sharika's song is awesome. And Nicolas Wilde is the reason I'm a furry. No likes yet"
3.5,"â˜…â˜…â˜…Â½","2026-01-17","â˜…â˜…â˜…Â½ Watched by Sharon 17 Jan 2026 2nd time watching to prep for the sequel â€¦â€¦.. this movie was the opposite of unfunny - it was funny No likes yet"
2.5,"â˜…â˜…Â½","2026-01-18","â˜…â˜…Â½ Watched by Nour 18 Jan 2026 Pas ouf No likes yet"
3.5,"â˜…â˜…â˜…Â½","2026-01-17","â˜…â˜…â˜…Â½ Rewatched by Rachel Wu 17 Jan 2026 The movie is the normalization factor for secretly furry couples who did the Sly Fox Dumb Bunny trend on TikTok. So yes, I did like it ğŸ™„. No likes yet"
4.5,"â˜…â˜…â˜…â˜…Â½","2026-01-17","â˜…â˜…â˜…â˜…Â½ Rewatched by Spacely_ 17 Jan 2026 No sÃ© que decir, me gusta mucha pero tengo que averiguar mÃ¡s acerca de la copaganda, Hacelo es increÃ­ble igual No likes yet"
4.5,"â˜…â˜…â˜…â˜…Â½","2026-01-17","â˜…â˜…â˜…â˜…Â½ Watched by ravioli_me 17 Jan 2026 I think this might be the best movie of all time No likes yet"
3.5,"â˜…â˜…â˜…Â½","2026-01-17","â˜…â˜…â˜…Â½ Watched by Scielny 17 Jan 2026 Loki got sauce No likes yet"
3.5,"â˜…â˜…â˜…Â½","2026-01-17","â˜…â˜…â˜…Â½ Rewatched by toxicitymk 17 Jan 2026 I liked it but the proportions are way off and it bugged me the whole movie No likes yet"
4.5,"â˜…â˜…â˜…â˜…Â½","2026-01-17","â˜…â˜…â˜…â˜…Â½ Watched by Grunkich 17 Jan 2026 *Revised review after seeing the second one.*  Another great Disney movie! Think of this one as the buildup to the second movie. Even though it is the buildup, still a great a movie and there definitely is a good villain with a solid and believable motive in the zootopia world. Ending was a bit abrupt through. A bit anticlimactic with a very long buildup, it was cool to see them piece together the puzzle. 1 like"
2,"â˜…â˜…","2026-01-18","â˜…â˜… Watched by idk_genti 18 Jan 2026 Ew No likes yet"
5,"â˜…â˜…â˜…â˜…â˜…","2026-01-17","â˜…â˜…â˜…â˜…â˜… Watched by molly 17 Jan 2026 incredible no notes No likes yet"
5,"â˜…â˜…â˜…â˜…â˜…","2026-01-17","â˜…â˜…â˜…â˜…â˜… Watched by Julinha ğŸ¤ 17 Jan 2026 Um filme leve e bom pra se assistir por qualquer um queria muito o Nick com a com judy lindoss No likes yet"
5,"â˜…â˜…â˜…â˜…â˜…","2026-01-18","â˜…â˜…â˜…â˜…â˜… Watched by gelincikfurkan 18 Jan 2026 Hourglass body bunny No likes yet"
5,"â˜…â˜…â˜…â˜…â˜…","2026-01-17","â˜…â˜…â˜…â˜…â˜… Watched by Lana.vss 17 Jan 2026 N tenho palavras, Ã© uma obra prima. Com certeza uma das melhores animaÃ§Ãµes feitas desde a criaÃ§Ã£o do cinema. Ã‰ simplesmente uma animaÃ§Ãµes que me fez ficar atraÃ­da por uma raposa ğŸ˜”ğŸ˜” Com ctz this is ABSOLUTE CINEMA No likes yet"
4,"â˜…â˜…â˜…â˜…","2026-01-17","â˜…â˜…â˜…â˜… Rewatched by mia 17 Jan 2026 i only watched like half of it but I wanted to log it anyway #fraud No likes yet"
5,"â˜…â˜…â˜…â˜…â˜…","2026-01-17","â˜…â˜…â˜…â˜…â˜… Watched by destinyluster 17 Jan 2026 a rewatch but she never gets old. one of the only movies iâ€™ll happily watch while babysitting :) No likes yet"
3.5,"â˜…â˜…â˜…Â½","2026-01-17","â˜…â˜…â˜…Â½ Watched by Onistys 17 Jan 2026 De forma clara, a Disney nÃ³s empurra casais impossÃ­veis ao penhasco da possibilidade... Uma raposa e um coelho. Predador e presa, se unindo, para desvendar um mistÃ©rio, achar um culpado( Ã© no fim criar um possÃ­vel casal). No likes yet"
4,"â˜…â˜…â˜…â˜…","2026-01-17","â˜…â˜…â˜…â˜… Watched by Bryce 17 Jan 2026 Banger The allegory here is flawed, if you think too hard, itâ€™s very ğŸ˜¬ğŸ˜¬ğŸ˜¬, but if you donâ€™t, itâ€™s very effective for a younger audience The villain stinks I wish Judy and Nick kissed No likes yet"
3.5,"â˜…â˜…â˜…Â½","2026-01-17","â˜…â˜…â˜…Â½ Watched by milangaa 17 Jan 2026 al hielo No likes yet"
3,"â˜…â˜…â˜…","2026-01-17","â˜…â˜…â˜… Rewatched by Billy Jepma 17 Jan 2026 Itâ€™s definitely lost its luster since I first saw it in theaters (for all of the multitude of copaganda and incoherent commentary related reasons youâ€™d expect), but itâ€™s still a clever, fun-enough kidâ€™s flick with a lot of visual merit. Iâ€™ll never love Disneyâ€™s 3D animation, although itâ€™s objectively impressive how rich the colors and textures are. This is 10 years old and still looks great. I really love how diverse the environments are, and how much attention is paid toâ€¦ more No likes yet"
4,"â˜…â˜…â˜…â˜…","2026-01-18","â˜…â˜…â˜…â˜… Watched by pagolator 18 Jan 2026 Pon un nick en tu vida No likes yet"
4,"â˜…â˜…â˜…â˜…","2026-01-18","â˜…â˜…â˜…â˜… Watched by rumiee 18 Jan 2026 just rewatched this and omg was i dumb for not knowing that sheep was the mastermind like omg they gave so much clue!! No likes yet"
4,"â˜…â˜…â˜…â˜…","2026-01-17","â˜…â˜…â˜…â˜… Watched by eddieinfamy 17 Jan 2026 Copaganda but sweet No likes yet"
2,"â˜…â˜…","2026-01-17","â˜…â˜… Watched by discosaffron 17 Jan 2026 this movie is actually good fun, but also maybe the most irresponsible depiction of racial prejudice put to film in recent memory, one that could have only been directed by two white men. take it at surface value for best effect. No likes yet"
4,"â˜…â˜…â˜…â˜…","2026-01-17","â˜…â˜…â˜…â˜… Watched by acvn327 17 Jan 2026 More people need to watch Zootopia I think ğŸ¤¨ No likes yet"
5,"â˜…â˜…â˜…â˜…â˜…","2026-01-17","â˜…â˜…â˜…â˜…â˜… Rewatched by Laurette 17 Jan 2026 Reassisti e nÃ£o da pra escolher entre 1 ou o 2, esse tambÃ©m Ã© muito bom!!!! AÃ­ gosto tanto :( -> <3 No likes yet"
3.5,"â˜…â˜…â˜…Â½","2026-01-18","â˜…â˜…â˜…Â½ Rewatched by æœˆ 18 Jan 2026 doug is the opposite of friendly.... he's unfriendly. felt like a first-time watch because i forgot the entire plot except the sloth scene No likes yet"
5,"â˜…â˜…â˜…â˜…â˜…","2026-01-17","â˜…â˜…â˜…â˜…â˜… Watched by Vin 17 Jan 2026 obra prima dos deuses No likes yet"
4,"â˜…â˜…â˜…â˜…","2026-01-17","â˜…â˜…â˜…â˜… Watched by kiley 17 Jan 2026 breaking bad mention was crazy No likes yet"
4,"â˜…â˜…â˜…â˜…","2026-01-17","â˜…â˜…â˜…â˜… Watched by ilovemy_kitty 17 Jan 2026 that ugly bunny made me give this four stars instead of five No likes yet"
2.5,"â˜…â˜…Â½","2026-01-18T01:18:18.373Z","â˜…â˜…Â½ Added by phiebea 18 Jan 2026 R.I.P Hieronymus Bosch; you would've ironically loved Zootopia </3 No likes yet"
4.5,"â˜…â˜…â˜…â˜…Â½","2026-01-17","â˜…â˜…â˜…â˜…Â½ Watched by Laguna03 17 Jan 2026 sly bunny, dumb fox - the zootopia moves are so good like what are the putting in these movies No likes yet"
4,"â˜…â˜…â˜…â˜…","2026-01-18","â˜…â˜…â˜…â˜… Rewatched by kazub 18 Jan 2026 When Judy got home from work and put on Eric Carmen's â€œAll by Myself,â€ I fucking felt it. No likes yet"
4,"â˜…â˜…â˜…â˜…","2026-01-17","â˜…â˜…â˜…â˜… Watched by donnie darko 17 Jan 2026 muy buena la peli de furros No likes yet"
4,"â˜…â˜…â˜…â˜…","2025-12-31","â˜…â˜…â˜…â˜… Watched by M0viesss 31 Dec 2025 Zootopia is a smart and entertaining animated film that combines a buddy-cop mystery with sharp social commentary on prejudice and stereotypes. The vibrant animation, clever humor, and strong performances from the voice castâ€”especially Ginnifer Goodwin and Jason Batemanâ€”make it engaging for both kids and adults. Its thoughtful storytelling and memorable characters elevate it beyond a typical animated feature. No likes yet"
4,"â˜…â˜…â˜…â˜…","2026-01-17","â˜…â˜…â˜…â˜… Watched by parmasean_eater 17 Jan 2026 judy hops basically carries minority repellent btw No likes yet"
3,"â˜…â˜…â˜…","2026-01-17","â˜…â˜…â˜… Watched by Dominic2412 17 Jan 2026 Entiendo porque a la gente le gusta tanto, pero a mÃ­ me aburre... No likes yet"
4,"â˜…â˜…â˜…â˜…","2026-01-17","â˜…â˜…â˜…â˜… Watched by freerefills 17 Jan 2026 We could learn a lot from these animals â€¦ No likes yet"
5,"â˜…â˜…â˜…â˜…â˜…","2026-01-18T01:09:23.380Z","â˜…â˜…â˜…â˜…â˜… Added by nay 18 Jan 2026 ini my mine gue, love judy love nick comfort animation 4ever No likes yet"
4,"â˜…â˜…â˜…â˜…","2026-01-17","â˜…â˜…â˜…â˜… Rewatched by b â˜† 17 Jan 2026 on second watch, itâ€™s actually crazy this is a kidâ€™s movie ngl. 1 like"
5,"â˜…â˜…â˜…â˜…â˜…","2026-01-17","â˜…â˜…â˜…â˜…â˜… Rewatched by isis 17 Jan 2026 ABSOLUTE CINEMA!! No likes yet"
2.5,"â˜…â˜…Â½","2019-03-04","â˜…â˜…Â½ Watched by Nort 04 Mar 2019 Pretty good movie. ğŸ‘ Itâ€™s no Shawshank Redemption, but itâ€™s good. No likes yet"
4,"â˜…â˜…â˜…â˜…","2026-01-10","â˜…â˜…â˜…â˜… Watched by Sumit 10 Jan 2026 Mr Big being the smallest was not what I expected ğŸ˜­ No likes yet"
3.5,"â˜…â˜…â˜…Â½","2026-01-17","â˜…â˜…â˜…Â½ Rewatched by Tessa 17 Jan 2026 Disney's desperate attempt at getting kids to like cops No likes yet"
4,"â˜…â˜…â˜…â˜…","2026-01-17","â˜…â˜…â˜…â˜… Watched by Violet 17 Jan 2026 This movie goes kinda crazy when itâ€™s put on in the middle of a gathering by the parents in order to prevent the kids from tearing the walls down, and youâ€™re actually the only one paying attention because the kids donâ€™t really care, and youâ€™d rather kys than talk to the people around you, meanwhile you can only just make out the sound over everyone else talking, and you donâ€™t get to see the last 10 minutes because you had to go before then. I cannot confirm how well it plays outside of this specific scenario. No likes yet"
4,"â˜…â˜…â˜…â˜…","2026-01-17","â˜…â˜…â˜…â˜… Watched by TruthSik 17 Jan 2026 A fantastic animated film by Disney... this felt like the good ole days. The story is so good here, even though it was aimed more towards adults. Solid action, adventure, jokes. No likes yet"
5,"â˜…â˜…â˜…â˜…â˜…","2026-01-17","â˜…â˜…â˜…â˜…â˜… Watched by agos 17 Jan 2026 me conmueve No likes yet"
3.5,"â˜…â˜…â˜…Â½","2026-01-17","â˜…â˜…â˜…Â½ Watched by Kara 17 Jan 2026 That damn smirk No likes yet"
4,"â˜…â˜…â˜…â˜…","2026-01-17","â˜…â˜…â˜…â˜… Watched by Valbook 17 Jan 2026 nadie:  la amiga de mi sobrina: â€œtengo un crush con el zorroâ€ 4/5 de parte de los kids No likes yet"
5,"â˜…â˜…â˜…â˜…â˜…","2026-01-17","â˜…â˜…â˜…â˜…â˜… Watched by rafamitica 17 Jan 2026 Nem parece filme da Disney quando a gente vÃª tantas analogias a politica e o preconceito na sociedade. A ambiguidade do preconceito vivido e praticado pela Judy Ã© muito verdadeiro mas alÃ©m da mensagem o filme Ã© extremamente divertido No likes yet"
4,"â˜…â˜…â˜…â˜…","2026-01-17","â˜…â˜…â˜…â˜… Rewatched by anna 17 Jan 2026 forgot how good this movie is romcom + social commentary No likes yet"
,"","2026-01-17","Watched by sushep 17 Jan 2026 zootopia double feature incoming No likes yet"
5,"â˜…â˜…â˜…â˜…â˜…","2026-01-17","â˜…â˜…â˜…â˜…â˜… Rewatched by fetusinutero9 17 Jan 2026 mr big outsold the sopranos No likes yet"
5,"â˜…â˜…â˜…â˜…â˜…","2025-12-07","â˜…â˜…â˜…â˜…â˜… Watched by tahia 07 Dec 2025 and if said best movie released in the last two decades No likes yet"
,"","2026-01-17","Rewatched by kbuster 17 Jan 2026 At this point, we should just watch the sequel, yeah? Kid nearly back to 100%. (Thank God.) No likes yet"
4.5,"â˜…â˜…â˜…â˜…Â½","2026-01-17","â˜…â˜…â˜…â˜…Â½ Rewatched by batool 17 Jan 2026 i always appreciate a good breaking bad reference No likes yet"
5,"â˜…â˜…â˜…â˜…â˜…","2026-01-17","â˜…â˜…â˜…â˜…â˜… Watched by Patri 17 Jan 2026 me habÃ­a olvidado de lo mucho que amo esta peli 1 like"
5,"â˜…â˜…â˜…â˜…â˜…","2026-01-17","â˜…â˜…â˜…â˜…â˜… Watched by pau 17 Jan 2026 valiÃ³ totalmente la pena rogarle a todo el mundo que ne llevara a verla No likes yet"
5,"â˜…â˜…â˜…â˜…â˜…","2026-01-17","â˜…â˜…â˜…â˜…â˜… Watched by clara_lxrrs 17 Jan 2026 les premiers crushğŸ¥°ğŸ¥°ğŸ¥°ğŸ¥°ğŸ¥°ğŸ¥°ğŸ¥° No likes yet"
4,"â˜…â˜…â˜…â˜…","2026-01-17","â˜…â˜…â˜…â˜… Watched by William-Daniel Cyr 17 Jan 2026 [ENTRY #293] [4â˜… - Great] I had not seen an animated movie in a while, let alone a disney one. It ended up being a great choice for mutiple reasons: Loved the main characters, the plot was simple yet fun with nice twists, the references were very neat and the animal takes on various pop-culture stuff was great fun. 4 likes"
2.5,"â˜…â˜…Â½","2026-01-03","â˜…â˜…Â½ Watched by mâ€™ lury â§ 03 Jan 2026 gosto bastante do filme e acho tudo muito fofo e divertido, tem vÃ¡rias piadas com â€œduplo sentidoâ€, aquelas piadas que os pais das crianÃ§as que vÃ£o entender e eu acho isso muito engraÃ§ado! kkkkk a crÃ­tica eu nÃ£o lembro bem, Ã© preconceito nÃ©? por aÃ­, pega nesse naipe. uma mandona e um relaxado, que casal. (eles nÃ£o sÃ£o casal) AINDA NÃƒO! fofo, engraÃ§ado, legal, passa-tempo, family friendly. No likes yet"
3.5,"â˜…â˜…â˜…Â½","2026-01-17","â˜…â˜…â˜…Â½ Rewatched by Hittemhard 17 Jan 2026 Turned it off after the FOX became a COP No likes yet"
3.5,"â˜…â˜…â˜…Â½","2026-01-18","â˜…â˜…â˜…Â½ Watched by YudaPalana 18 Jan 2026 Ak jg mw jd hwn hwn gt No likes yet"
5,"â˜…â˜…â˜…â˜…â˜…","2026-01-17","â˜…â˜…â˜…â˜…â˜… Rewatched by hayley 17 Jan 2026 i always have that try everything song stuck in my head lol 21 likes"
5,"â˜…â˜…â˜…â˜…â˜…","2026-01-17","â˜…â˜…â˜…â˜…â˜… Rewatched by sage! 17 Jan 2026 i wonder No likes yet"
3.5,"â˜…â˜…â˜…Â½","2026-01-17","â˜…â˜…â˜…Â½ Watched by Clara 17 Jan 2026 Ã‰ um filme bom No likes yet"
3,"â˜…â˜…â˜…","2026-01-17","â˜…â˜…â˜… Watched by oli220 17 Jan 2026 Itâ€™s a decent movie the opening is abit long for an animated film but itâ€™s still decent the villain is bad and annoying but it has some funny moments No likes yet"
5,"â˜…â˜…â˜…â˜…â˜…","2026-01-17","â˜…â˜…â˜…â˜…â˜… Watched by deborahh_p 17 Jan 2026 i love nick wilde. No likes yet"
5,"â˜…â˜…â˜…â˜…â˜…","2026-01-17","â˜…â˜…â˜…â˜…â˜… Watched by kelllyyz 17 Jan 2026 cannot believe i didnâ€™t watch this earlier !! and yes i get the nick wilde thing No likes yet"
3.5,"â˜…â˜…â˜…Â½","2026-01-17T23:55:11.779Z","â˜…â˜…â˜…Â½ Added by Aubreanna Gatchel 18 Jan 2026 this movie made me sob PLUS THE SOUNDTRACK IS FIREEE No likes yet"
5,"â˜…â˜…â˜…â˜…â˜…","2026-01-17","â˜…â˜…â˜…â˜…â˜… Watched by jessbleier 17 Jan 2026 I am this bunny No likes yet"
5,"â˜…â˜…â˜…â˜…â˜…","2026-01-17","â˜…â˜…â˜…â˜…â˜… Watched by alex 17 Jan 2026 you really can do anything even if you are a little bunny.  i dont care if it is copaganda the furry propaganda works harder No likes yet"
5,"â˜…â˜…â˜…â˜…â˜…","2026-01-17","â˜…â˜…â˜…â˜…â˜… Watched by caroldumon 17 Jan 2026 genial mtas referÃªncias boas p citar No likes yet"
5,"â˜…â˜…â˜…â˜…â˜…","2026-01-17","â˜…â˜…â˜…â˜…â˜… Rewatched by mafeluvi 17 Jan 2026 filme pra passar na sala de aula pras crianÃ§as e explicar a construÃ§Ã£o de discursos fascistas e a propagaÃ§Ã£o do medo e preconceito como estratÃ©gia polÃ­tica No likes yet"
4,"â˜…â˜…â˜…â˜…","2026-01-17","â˜…â˜…â˜…â˜… Rewatched by Finn 17 Jan 2026 2 is this play about us? we live in zootopia ğŸ˜³ 2 likes"
5,"â˜…â˜…â˜…â˜…â˜…","2026-01-17","â˜…â˜…â˜…â˜…â˜… Watched by pazinga 17 Jan 2026 1 *nick talking about a sheep* â€œYou think when she goes to sleep she counts herself?â€  why was this movie genuinely so good n funny i regret not watching it till so late ğŸ˜­   i â¤ï¸ nick  he is fantastic mr fox in another dimension 1 like"
3,"â˜…â˜…â˜…","2026-01-17","â˜…â˜…â˜… Watched by mgoat 17 Jan 2026 No soy furro pero Shakira se mueve muy bien No likes yet"
4.5,"â˜…â˜…â˜…â˜…Â½","2026-01-18","â˜…â˜…â˜…â˜…Â½ Watched by Thelma Ploux 18 Jan 2026 Super ! J'ai rien d'autre Ã  en dire, voilÃ , Bonne journÃ©e Ã  tous 1 like"
5,"â˜…â˜…â˜…â˜…â˜…","2026-01-18","â˜…â˜…â˜…â˜…â˜… Watched by senisenju 18 Jan 2026 Societer 1 like"
4,"â˜…â˜…â˜…â˜…","2026-01-17","â˜…â˜…â˜…â˜… Watched by Aimee 17 Jan 2026 I love this movie No likes yet"
3.5,"â˜…â˜…â˜…Â½","2026-01-10","â˜…â˜…â˜…Â½ Watched by TomNook 10 Jan 2026 Goals si me preguntas. No likes yet"
3,"â˜…â˜…â˜…","2026-01-17","â˜…â˜…â˜… Watched by Vendettalove4 17 Jan 2026 For some reason used to scare the shit out of me No likes yet"
4,"â˜…â˜…â˜…â˜…","2026-01-17","â˜…â˜…â˜…â˜… Watched by GabeMarruffo 17 Jan 2026 Good movie and story. Nothing groundbreaking, just good. No likes yet"
5,"â˜…â˜…â˜…â˜…â˜…","2026-01-17","â˜…â˜…â˜…â˜…â˜… Rewatched by Ana 17 Jan 2026 â¤ï¸Nick Wildeâ¤ï¸ No likes yet"
3.5,"â˜…â˜…â˜…Â½","2026-01-17","â˜…â˜…â˜…Â½ Rewatched by Tom Krupa 17 Jan 2026 Goated. No likes yet"
3.5,"â˜…â˜…â˜…Â½","2026-01-17","â˜…â˜…â˜…Â½ Watched by Lydiardbell 17 Jan 2026 Never thought I'd see a talking animal movie where the sequel is better, but here we are No likes yet"
3.5,"â˜…â˜…â˜…Â½","2026-01-17","â˜…â˜…â˜…Â½ Rewatched by Fernando PÃ©rez-Aranda Hidalgo 17 Jan 2026 La ultima peli buena que saco Disney animation No likes yet"
4,"â˜…â˜…â˜…â˜…","2026-01-17","â˜…â˜…â˜…â˜… Watched by Alice 17 Jan 2026 bellissimo!!!! ovviamente judy e nick sono fidanzati e si amano ğŸ°ğŸ¦Š No likes yet"
4,"â˜…â˜…â˜…â˜…","2026-01-18","â˜…â˜…â˜…â˜… Watched by sude 18 Jan 2026 bu filmi cocukken izlemedigim icin intihar eyleyecegim.. No likes yet"
5,"â˜…â˜…â˜…â˜…â˜…","2026-01-17","â˜…â˜…â˜…â˜…â˜… Rewatched by marceline 17 Jan 2026 i like zootopia No likes yet"
4,"â˜…â˜…â˜…â˜…","2026-01-17","â˜…â˜…â˜…â˜… Watched by notcash 17 Jan 2026 Despite making up only 10% of the population, predators are responsible for over 80% of violent crimes in Zootopia. Hot rabbit No likes yet"
4.5,"â˜…â˜…â˜…â˜…Â½","2026-01-17","â˜…â˜…â˜…â˜…Â½ Watched by Henry Yang 17 Jan 2026 judy hops would make me commit animal abuse No likes yet"
4.5,"â˜…â˜…â˜…â˜…Â½","2025-11-01","â˜…â˜…â˜…â˜…Â½ Rewatched by rafaasss 01 Nov 2025 La escena que nos da la introducciÃ³n a la ciudad de Zootopia es simplemente hermosa. La forma en que lograron representar una ciudad perfectamente equilibrada, hecha para todos los animales, es increÃ­ble. La canciÃ³n que canta Shakira le da el toque perfecto a esa escena. AdemÃ¡s, el giro cuando descubrimos al verdadero villano estÃ¡ muy bien armado. Recomendada al 100%. No likes yet"
4,"â˜…â˜…â˜…â˜…","2026-01-17","â˜…â˜…â˜…â˜… Watched by tthataa 17 Jan 2026 algumas cenas muito rÃ¡pidas mas como minha amiga malu diva previu o vilÃ£o vou dar 4 estrelas 1 like"
4,"â˜…â˜…â˜…â˜…","2026-01-18","â˜…â˜…â˜…â˜… Watched by Inkkonu 18 Jan 2026 judy hopps ğŸ«¦ No likes yet"
5,"â˜…â˜…â˜…â˜…â˜…","2026-01-17","â˜…â˜…â˜…â˜…â˜… Watched by aakiito 17 Jan 2026 Peliculon No likes yet"
4.5,"â˜…â˜…â˜…â˜…Â½","2026-01-17","â˜…â˜…â˜…â˜…Â½ Rewatched by elliehan 17 Jan 2026 ugh just an excellent freaking franchise. cozy puzzle backdrop. No likes yet"
4,"â˜…â˜…â˜…â˜…","2026-01-17","â˜…â˜…â˜…â˜… Watched by lisa ğŸ§¿ 17 Jan 2026 Trop mignon et belle morale No likes yet"
4,"â˜…â˜…â˜…â˜…","2026-01-17","â˜…â˜…â˜…â˜… Watched by LaidbackDan 17 Jan 2026 Good movie (3.75/5) PRO POLICE PROPAGANDA!!! No likes yet"
4,"â˜…â˜…â˜…â˜…","2026-01-17","â˜…â˜…â˜…â˜… Watched by Holly Harris 17 Jan 2026 Funny, enjoyable No likes yet"
5,"â˜…â˜…â˜…â˜…â˜…","2026-01-18","â˜…â˜…â˜…â˜…â˜… Watched by pelisgratis69 18 Jan 2026 toooop !! per mirar al meenys un cop a l'any ğŸ˜ No likes yet"
3.5,"â˜…â˜…â˜…Â½","2026-01-17","â˜…â˜…â˜…Â½ Watched by RobinRiley 17 Jan 2026 Itâ€™s called a hustle. Sweetheart A good attempt of a metaphor of discriminarion and prejudice for kids in mind. It has good comedic elements especially using animal stereotypes for comedic value, tho you could argue that is contradictory to the overall message itâ€™s portraying. I did love, the DMV sloth scene I think it was truelly iconic.  Overall, I think it has a good balance of portraying a message that is digestible whilst also being entertaining for itâ€™s target audience No likes yet"
4.5,"â˜…â˜…â˜…â˜…Â½","2026-01-17","â˜…â˜…â˜…â˜…Â½ Watched by nesbrtn 17 Jan 2026 chef dâ€™oeuvresque No likes yet"
5,"â˜…â˜…â˜…â˜…â˜…","2026-01-17","â˜…â˜…â˜…â˜…â˜… Watched by raykinha 17 Jan 2026 10/10 coelhinha arrochada que calou a boca daquela touro chifrudo No likes yet"
5,"â˜…â˜…â˜…â˜…â˜…","2026-01-17","â˜…â˜…â˜…â˜…â˜… Watched by Emily 17 Jan 2026 Great fun. Clever, interesting, compelling. Complex and well written. Beautifully realised and animated. No likes yet"
4,"â˜…â˜…â˜…â˜…","2026-01-17","â˜…â˜…â˜…â˜… Rewatched by AndrÃ©s Gonzalez 17 Jan 2026 Es una peli No likes yet"
5,"â˜…â˜…â˜…â˜…â˜…","2026-01-17","â˜…â˜…â˜…â˜…â˜… Watched by romane_csnt 17 Jan 2026 Quell BANGERRR! Bon je lâ€™ai vu Ã  sa sortie et je me souviens câ€™Ã©tait lâ€™un de mes prÃ©f petites ! LÃ  je lâ€™ai revue et franchement je comprend pk genre la vibe incroyable et puis trop mimâ€™s Judy et Nick !! Mtn faut que je vois le 2 !!! No likes yet"
4.5,"â˜…â˜…â˜…â˜…Â½","2026-01-17","â˜…â˜…â˜…â˜…Â½ Watched by richesrates 17 Jan 2026 Unreal No likes yet"
4,"â˜…â˜…â˜…â˜…","2026-01-17","â˜…â˜…â˜…â˜… Watched by Macedoine 17 Jan 2026 Critique vraiment top Ã€ conseiller Ã  tous les chroniqueurs de Cnews No likes yet"
5,"â˜…â˜…â˜…â˜…â˜…","2026-01-17","â˜…â˜…â˜…â˜…â˜… Watched by dudaluna2007 17 Jan 2026 amo demaissss,uma das melhores animaÃ§Ãµes mais â€œrecentesâ€ No likes yet"
,"","2026-01-17","Watched by tatiana 17 Jan 2026 juro q no soy furra juro q no soy furra No likes yet"
5,"â˜…â˜…â˜…â˜…â˜…","2026-01-17","â˜…â˜…â˜…â˜…â˜… Rewatched by cande 17 Jan 2026 TE AMO NIIIICK No likes yet"
3.5,"â˜…â˜…â˜…Â½","2026-01-17","â˜…â˜…â˜…Â½ Watched by hattie 17 Jan 2026 acab No likes yet"
4.5,"â˜…â˜…â˜…â˜…Â½","2025-11-28","â˜…â˜…â˜…â˜…Â½ Rewatched by ğŸ§‡ Jan ğŸ§‡ 28 Nov 2025 â€œI came here to make the world a better place, but I think I broke it.â€ Another rewatch with Dorian. 1 like"
5,"â˜…â˜…â˜…â˜…â˜…","2026-01-17","â˜…â˜…â˜…â˜…â˜… Watched by bylenasz 17 Jan 2026 MUITO BOM!!!! Muuuitoo nostÃ¡lgico, o plot Ã© incrÃ­vel e a voz do Nick Ã© muito muito muito boa de se ouvir ğŸ˜­ğŸ’“ No likes yet"
3.5,"â˜…â˜…â˜…Â½","2026-01-17","â˜…â˜…â˜…Â½ Watched by doutxeba 17 Jan 2026 Shakira!!!......bueno y.....acab No likes yet"
4.5,"â˜…â˜…â˜…â˜…Â½","2026-01-06","â˜…â˜…â˜…â˜…Â½ Rewatched by ChrisanthiB 06 Jan 2026 who let 2016 be this political No likes yet"
4.5,"â˜…â˜…â˜…â˜…Â½","2026-01-18","â˜…â˜…â˜…â˜…Â½ Watched by priliepoo 18 Jan 2026 ayy cok hostu baglantilar felann bayildim ve nick tmm. 1 like"
,"","2026-01-17","Watched by bigselowski 17 Jan 2026 aÅŸÄ±k olduÄŸum tilkiler: 1- sana bir sÄ±r vereceÄŸim tilki 2- nick No likes yet"
4,"â˜…â˜…â˜…â˜…","2026-01-17","â˜…â˜…â˜…â˜… Watched by Narilo 17 Jan 2026 Muito legal amo, quando tiver filhos vou fazer eles assistirem No likes yet"
3.5,"â˜…â˜…â˜…Â½","2026-01-17","â˜…â˜…â˜…Â½ Watched by Fuckness 17 Jan 2026 I spent years being scary of that movie. No likes yet"
3.5,"â˜…â˜…â˜…Â½","2026-01-17","â˜…â˜…â˜…Â½ Watched by HarveyDavies 17 Jan 2026 Why I wanted to watch: Dumb Bunny, Sly Fox uhhh for zootropolis two of course Shakira is a gazelle. Itâ€™s a really fun animated film and thatâ€™s good the mystery is pretty good but Iâ€™ve watched it a long time so I knew like parts but not all of it and the whole concept is fun. Zootropolis is like a really bright place and super fun. I like all the districts I want to go. I donâ€™t think theyâ€™re aâ€¦ more No likes yet"
4.5,"â˜…â˜…â˜…â˜…Â½","2026-01-17","â˜…â˜…â˜…â˜…Â½ Watched by pvsher 17 Jan 2026 I trusted you, Nicky... I welcomed you into my home... we broke bread together... Gram-mama made you her cannoli. And how did you repay my generosity? No likes yet"
4,"â˜…â˜…â˜…â˜…","2026-01-17","â˜…â˜…â˜…â˜… Watched by sop 17 Jan 2026 Jason Bateman is definitely a fox No likes yet"
5,"â˜…â˜…â˜…â˜…â˜…","2026-01-17","â˜…â˜…â˜…â˜…â˜… Rewatched by Sam 17 Jan 2026 Holy perfection No likes yet"
2,"â˜…â˜…","2026-01-17","â˜…â˜… Watched by sarah_manera 17 Jan 2026 on a fait le meilleur choix possible qui Ã©tait de faire pause au bout d'un quart d'heure de film, de lire la page wikipÃ©dia du zootopia abortion comic, puis de reprendre le film en incluant Ã§a dans notre comprÃ©hension du plot No likes yet"
3.5,"â˜…â˜…â˜…Â½","2026-01-17T22:10:09.946Z","â˜…â˜…â˜…Â½ Added by ğ“‘ 18 Jan 2026 nick. judy. No likes yet"
3,"â˜…â˜…â˜…","2026-01-17","â˜…â˜…â˜… Watched by grootpro 17 Jan 2026 I used to love this movie No likes yet"
3.5,"â˜…â˜…â˜…Â½","2026-01-17","â˜…â˜…â˜…Â½ Watched by les 17 Jan 2026 nick. you. me. friday 8pm. ğ’¾ğ“ğ“ ğ’·ğ‘’ ğ“Œğ’¶ğ’¾ğ“‰ğ’¾ğ“ƒğ‘”... No likes yet"
4,"â˜…â˜…â˜…â˜…","2026-01-17","â˜…â˜…â˜…â˜… Watched by panchitoooo 17 Jan 2026 Cool No likes yet"
4.5,"â˜…â˜…â˜…â˜…Â½","2026-01-17","â˜…â˜…â˜…â˜…Â½ Rewatched by arden :D 17 Jan 2026 yall don't get zootopia like i get zootopia No likes yet"
4,"â˜…â˜…â˜…â˜…","2026-01-17","â˜…â˜…â˜…â˜… Watched by hanbalillo 17 Jan 2026 Cant find a better way to teach white people what islamophobia is. No likes yet"
3,"â˜…â˜…â˜…","2026-01-14","â˜…â˜…â˜… Watched by Ohad Mazaki 14 Jan 2026 A splendidly animated, endlessly creative, cheeky, and charming coming-of-age crime flick powered by a superb, archetypal duo. While didactic, still very timely. Jason Bateman is real good in this! 7 likes"
4.5,"â˜…â˜…â˜…â˜…Â½","2026-01-17","â˜…â˜…â˜…â˜…Â½ Rewatched by david 17 Jan 2026 gazelleschaftskritik 1 like"
4,"â˜…â˜…â˜…â˜…","2025-12-13","â˜…â˜…â˜…â˜… Watched by S 13 Dec 2025 forgot to log it when I first watchedâ€¦ I was charmed!!!!!! great worldbuilding. love an underdog and a secret softieâ€¦ what can I say No likes yet"
4,"â˜…â˜…â˜…â˜…","2026-01-17","â˜…â˜…â˜…â˜… Watched by Cesar Ochoa 17 Jan 2026 Loved the relationship and the dynamic between Jude and Nick, with all their inside jokes and the way they earned each otherâ€™s respect and trust. I also really enjoyed that the movie turned out to be much more nuanced than I expected, specially with the couple of plot twists I didnâ€™t expect. So in summary, did I love this movie? Yes. Yes I did. No likes yet"
5,"â˜…â˜…â˜…â˜…â˜…","2026-01-17","â˜…â˜…â˜…â˜…â˜… Rewatched by CiaraHayes 17 Jan 2026 a classic No likes yet"
3.5,"â˜…â˜…â˜…Â½","2026-01-12","â˜…â˜…â˜…Â½ Watched by _georgeorge_ 12 Jan 2026 Great characters, smash Nick, funny woke jokes, gay himbo tiger dancers, cool mystery. Ngl I like the Shakira song too. No likes yet"
4.5,"â˜…â˜…â˜…â˜…Â½","2026-01-17","â˜…â˜…â˜…â˜…Â½ Rewatched by carmenrequena 17 Jan 2026 nick wilde el hombre (o zorro) que tÃº eresğŸ¤°ğŸ¼ No likes yet"
3.5,"â˜…â˜…â˜…Â½","2026-01-17","â˜…â˜…â˜…Â½ Watched by tofuisdeluxe 17 Jan 2026 Die Faultier Szene ist so unfassbar lustig  Bin gespannt auf den zweiten No likes yet"
3.5,"â˜…â˜…â˜…Â½","2026-01-17","â˜…â˜…â˜…Â½ Watched by doathekoala 17 Jan 2026 the fox is the reason for all the stars No likes yet"
5,"â˜…â˜…â˜…â˜…â˜…","2026-01-17","â˜…â˜…â˜…â˜…â˜… Watched by Roby >â©Š< 17 Jan 2026 Obra de arte para mÃ­ yo de 8 aÃ±os No likes yet"
4.5,"â˜…â˜…â˜…â˜…Â½","2026-01-17","â˜…â˜…â˜…â˜…Â½ Watched by ğŸ¦¥ 17 Jan 2026 JUDY I NICK SA TACY SLODCYğŸ˜‡ğŸ˜‡ğŸ˜‡ğŸ˜‡ No likes yet"
4,"â˜…â˜…â˜…â˜…","2026-01-17","â˜…â˜…â˜…â˜… Watched by carlos 17 Jan 2026 DivertidÃ­sima pero no me cuelan la propaganda policial, acab la policÃ­a es racista 1 like"
5,"â˜…â˜…â˜…â˜…â˜…","2026-01-17","â˜…â˜…â˜…â˜…â˜… Watched by OcÃ© Lily 17 Jan 2026 â€œCarotinaâ€ ğŸ¦Š + ğŸ° ship 1 like"
5,"â˜…â˜…â˜…â˜…â˜…","2026-01-17","â˜…â˜…â˜…â˜…â˜… Watched by Aims028 17 Jan 2026 NickğŸ˜ No likes yet"
4,"â˜…â˜…â˜…â˜…","2026-01-17","â˜…â˜…â˜…â˜… Rewatched by Daniela 17 Jan 2026 shakira eres tu? No likes yet"
3,"â˜…â˜…â˜…","2026-01-17","â˜…â˜…â˜… Watched by Mar 17 Jan 2026 Me encanta pero jamÃ¡s debieron haber cambiado el concepto original No likes yet"
4,"â˜…â˜…â˜…â˜…","2026-01-11","â˜…â˜…â˜…â˜… Watched by eile_louise 11 Jan 2026 Canâ€™t go wrong with anthropomorphised animals No likes yet"
5,"â˜…â˜…â˜…â˜…â˜…","2026-01-13","â˜…â˜…â˜…â˜…â˜… Watched by nouvelle__vague 13 Jan 2026 hear me out : Nick Wilde No likes yet"
4,"â˜…â˜…â˜…â˜…","2026-01-16","â˜…â˜…â˜…â˜… Watched by evanrobinson2 16 Jan 2026 Zootopia is a cleverly written story of foes turned friends solving a mystery hidden in the clothes of an animated childrenâ€™s movie. The subtle references to animal stereotypes and cultural references throughout make the film enjoyable for all ages. Top tier plot twist at the end of the movie for an animated Disney movie. No likes yet"
5,"â˜…â˜…â˜…â˜…â˜…","2026-01-17","â˜…â˜…â˜…â˜…â˜… Watched by barbieana 17 Jan 2026 Nick Wilde is actually a metaphor for the unemployed friend No likes yet"
3.5,"â˜…â˜…â˜…Â½","2026-01-17","â˜…â˜…â˜…Â½ Watched by FreeSpaceXP 17 Jan 2026 A great movie over all but donâ€™t care for all the furry undertones 1 like"
4,"â˜…â˜…â˜…â˜…","2026-01-17","â˜…â˜…â˜…â˜… Watched by John 17 Jan 2026 ğŸ¥• 2 likes"
3,"â˜…â˜…â˜…","2026-01-17","â˜…â˜…â˜… Watched by miele 17 Jan 2026 acab 1 like"
5,"â˜…â˜…â˜…â˜…â˜…","2026-01-17","â˜…â˜…â˜…â˜…â˜… Watched by elzzsa2782 17 Jan 2026 okay warum habe ich so lange gewartet diesen film anzuschauen DIGGA IST DER GEIL. Nur woke people checken die message dahinter No likes yet"
3,"â˜…â˜…â˜…","2026-01-17","â˜…â˜…â˜… Watched by Leo Meillac 17 Jan 2026 mieux que le 1 No likes yet"
3,"â˜…â˜…â˜…","2026-01-17","â˜…â˜…â˜… Watched by Harry 17 Jan 2026 not seen this before but somehow completely dodged any mention of zootropolis being a shoddy metaphor for racism until now ? No likes yet"
3,"â˜…â˜…â˜…","2026-01-17","â˜…â˜…â˜… Rewatched by eliserjeffery 17 Jan 2026 as far as copaganda goes this sure has some mixed metaphors No likes yet"
4,"â˜…â˜…â˜…â˜…","2026-01-17","â˜…â˜…â˜…â˜… Rewatched by celiaaaaaaaaa 17 Jan 2026 Facing traumas No likes yet"
4.5,"â˜…â˜…â˜…â˜…Â½","2026-01-17T21:03:26.166Z","â˜…â˜…â˜…â˜…Â½ Added by Ivan_Poluektov 18 Jan 2026 ĞœÑƒĞ»ÑŒÑ‚Ñ„Ğ¸Ğ»ÑŒĞ¼ Ñ€Ğ°ÑÑĞºĞ°Ğ·Ñ‹Ğ²Ğ°ĞµÑ‚ Ğ¾ Ğ²Ğ°Ğ¶Ğ½Ğ¾ÑÑ‚Ğ¸ Ğ²ĞµÑ€Ñ‹ Ğ² ÑĞµĞ±Ñ, Ğ²Ğ»Ğ¸ÑĞ½Ğ¸Ğ¸ ÑÑ‚ĞµÑ€ĞµĞ¾Ñ‚Ğ¸Ğ¿Ğ¾Ğ² Ğ½Ğ° Ğ¾Ğ±Ñ‰ĞµÑÑ‚Ğ²Ğ¾ Ğ¸ Ğ¸Ñ… Ğ¼ĞµÑ‡Ñ‚Ñ‹ Ğ¸ Ğ¾ Ñ‚Ğ¾Ğ¼, Ñ‡Ñ‚Ğ¾ Ğ»ÑĞ±Ğ°Ñ Ñ€Ğ°Ğ·ÑƒĞ¼Ğ½Ğ°Ñ Ñ„Ğ¾Ñ€Ğ¼Ğ° Ğ¶Ğ¸Ğ·Ğ½Ğ¸ Ğ´Ğ¾Ğ»Ğ¶Ğ½Ğ° Ğ±Ñ‹Ñ‚ÑŒ Ğ½ĞµĞ¿Ğ¾Ğ´Ğ²Ğ»Ğ°ÑÑ‚Ğ½Ğ° Ğ¸Ğ½ÑÑ‚Ğ¸Ğ½ĞºÑ‚Ğ°Ğ¼. ĞĞ°ÑˆĞµ Ğ¼ĞµÑÑ‚Ğ¾ Ğ½ĞµĞ»ÑŒĞ·Ñ Ğ¾Ğ¿Ñ€ĞµĞ´ĞµĞ»Ğ¸Ñ‚ÑŒ Ğ¸ÑÑ…Ğ¾Ğ´Ñ Ğ¸Ğ· Ğ½Ğ°ÑˆĞµĞ³Ğ¾ Ğ¿Ñ€Ğ¾Ğ¸ÑÑ…Ğ¾Ğ¶Ğ´ĞµĞ½Ğ¸Ñ Ğ¸Ğ»Ğ¸ Ñ‡ÑŒĞ¸Ñ…-Ñ‚Ğ¾ Ğ¿Ñ€ĞµĞ´ÑƒĞ±ĞµĞ¶Ğ´ĞµĞ½Ğ¸Ğ¹, Ğ° Ñ‚Ğ¾Ğ»ÑŒĞºĞ¾ Ğ¶ĞµĞ»Ğ°Ğ½Ğ¸ĞµĞ¼ Ğ¸ Ğ²Ğ¾Ğ·Ğ¼Ğ¾Ğ¶Ğ½Ğ¾ÑÑ‚ÑĞ¼Ğ¸. ĞĞ¸Ğº Ğ£Ğ°Ğ¹Ğ»Ğ´ is literally me 1 like"
3,"â˜…â˜…â˜…","2026-01-17","â˜…â˜…â˜… Watched by DanielMarston 17 Jan 2026 I see a lot of love for Nick Wilde and never enough for Chief Bogo and Mayor Lionheart The tiger back up dancer is also way too fine. No likes yet"
4,"â˜…â˜…â˜…â˜…","2026-01-17","â˜…â˜…â˜…â˜… Rewatched by Ynthia 17 Jan 2026 Why do I like Nick Wilde so much?? No likes yet"
4,"â˜…â˜…â˜…â˜…","2026-01-17","â˜…â˜…â˜…â˜… Watched by Amabuchi 17 Jan 2026 Ahh vraiment lâ€™amitiÃ© entre Judy et Nick >> No likes yet"
,"","2026-01-17","Watched by kaanozcan 17 Jan 2026 cem yÄ±lmaz uÃ§ak aldÄ± No likes yet"
